activity_id,user_id,activity_type_id,location_id,source_device_id,start_time,end_time,duration_sec,distance_km,calories_kcal,status,created_at,updated_at
1,1,1,2,2,2024-10-04 18:06,2024-10-04 18:38,1928,5.3,288,completed,2024-10-04,2024-10-04
2,1,3,1,3,2024-10-07 08:28,2024-10-07 09:23,3356,19.9,554,completed,2024-10-07,2024-10-07
3,1,4,2,3,2024-10-08 09:30,2024-10-08 10:33,3815,0.0,441,completed,2024-10-08,2024-10-08
4,1,5,2,1,2024-10-08 09:50,2024-10-08 10:48,3499,0.7,501,completed,2024-10-08,2024-10-08
5,1,5,1,1,2024-10-14 09:11,2024-10-14 10:14,3791,1.1,211,completed,2024-10-14,2024-10-14
6,1,3,1,2,2024-10-15 11:01,2024-10-15 12:17,4618,15.0,286,completed,2024-10-15,2024-10-15
7,1,2,3,1,2024-10-17 13:58,2024-10-17 15:13,4513,3.5,367,completed,2024-10-17,2024-10-17
8,1,2,1,3,2024-10-22 06:06,2024-10-22 07:10,3867,2.8,687,completed,2024-10-22,2024-10-22
9,1,4,3,1,2024-10-26 17:53,2024-10-26 19:11,4704,0.0,575,completed,2024-10-26,2024-10-26
10,1,5,3,1,2024-10-28 07:51,2024-10-28 08:45,3258,1.3,597,completed,2024-10-28,2024-10-28
11,1,3,1,3,2024-10-29 08:31,2024-10-29 09:38,4057,20.4,175,completed,2024-10-29,2024-10-29
12,1,2,2,3,2024-10-29 17:58,2024-10-29 18:55,3445,2.1,296,completed,2024-10-29,2024-10-29
13,1,4,1,3,2024-11-01 11:30,2024-11-01 12:08,2337,0.0,386,completed,2024-11-01,2024-11-01
14,1,2,2,3,2024-11-01 06:44,2024-11-01 07:27,2585,2.4,347,completed,2024-11-01,2024-11-01
15,1,4,1,1,2024-11-05 10:49,2024-11-05 11:20,1895,0.0,229,completed,2024-11-05,2024-11-05
16,1,3,2,3,2024-11-08 11:33,2024-11-08 12:03,1849,22.9,314,completed,2024-11-08,2024-11-08
17,1,2,1,3,2024-11-08 06:28,2024-11-08 06:58,1852,2.8,666,completed,2024-11-08,2024-11-08
18,1,5,2,2,2024-11-08 14:26,2024-11-08 15:03,2245,0.7,415,completed,2024-11-08,2024-11-08
19,1,3,1,3,2024-11-10 09:44,2024-11-10 10:20,2197,19.2,248,completed,2024-11-10,2024-11-10
20,1,4,1,3,2024-11-11 07:10,2024-11-11 07:48,2295,0.0,540,completed,2024-11-11,2024-11-11
21,1,2,3,2,2024-11-12 16:43,2024-11-12 17:30,2848,3.9,555,completed,2024-11-12,2024-11-12
22,1,3,2,3,2024-11-13 10:42,2024-11-13 11:49,4028,18.1,476,completed,2024-11-13,2024-11-13
23,1,3,2,1,2024-11-15 13:08,2024-11-15 14:09,3663,21.2,693,completed,2024-11-15,2024-11-15
24,1,4,3,3,2024-11-15 06:54,2024-11-15 07:29,2103,0.0,389,completed,2024-11-15,2024-11-15
25,1,2,1,3,2024-11-16 16:32,2024-11-16 17:23,3094,3.9,324,completed,2024-11-16,2024-11-16
26,1,1,3,3,2024-11-18 18:33,2024-11-18 19:35,3726,5.5,479,completed,2024-11-18,2024-11-18
27,1,4,3,1,2024-11-18 17:00,2024-11-18 17:49,2983,0.0,153,completed,2024-11-18,2024-11-18
28,1,1,3,1,2024-11-19 07:46,2024-11-19 09:03,4673,7.5,607,completed,2024-11-19,2024-11-19
29,1,2,1,3,2024-11-20 09:28,2024-11-20 10:56,5322,2.2,289,completed,2024-11-20,2024-11-20
30,1,3,2,1,2024-11-23 08:13,2024-11-23 09:06,3232,17.7,172,completed,2024-11-23,2024-11-23
31,1,1,3,2,2024-11-24 07:12,2024-11-24 08:02,3019,5.8,227,completed,2024-11-24,2024-11-24
32,1,5,3,1,2024-12-10 08:07,2024-12-10 08:52,2753,0.7,668,completed,2024-12-10,2024-12-10
33,1,1,2,2,2024-12-11 13:22,2024-12-11 14:08,2779,8.1,198,completed,2024-12-11,2024-12-11
34,1,2,2,2,2024-12-13 11:56,2024-12-13 12:39,2638,3.3,587,completed,2024-12-13,2024-12-13
35,1,4,3,3,2024-12-15 18:39,2024-12-15 19:11,1963,0.0,168,completed,2024-12-15,2024-12-15
36,1,2,2,3,2024-12-15 13:54,2024-12-15 14:41,2851,3.1,256,completed,2024-12-15,2024-12-15
37,1,2,2,3,2024-12-16 05:20,2024-12-16 06:09,2967,3.5,554,completed,2024-12-16,2024-12-16
38,1,3,3,3,2024-12-18 16:39,2024-12-18 17:18,2351,12.6,380,completed,2024-12-18,2024-12-18
39,1,4,3,3,2024-12-19 16:58,2024-12-19 17:58,3620,0.0,315,completed,2024-12-19,2024-12-19
40,1,1,2,1,2024-12-20 14:59,2024-12-20 15:50,3088,8.2,354,completed,2024-12-20,2024-12-20
41,1,4,2,1,2024-12-23 10:21,2024-12-23 11:48,5230,0.0,307,completed,2024-12-23,2024-12-23
42,1,3,3,3,2024-12-24 09:05,2024-12-24 09:52,2852,15.2,343,completed,2024-12-24,2024-12-24
43,1,4,3,2,2024-12-30 09:16,2024-12-30 10:01,2701,0.0,452,completed,2024-12-30,2024-12-30
44,2,4,3,2,2024-10-01 07:00,2024-10-01 07:41,2503,0.0,208,completed,2024-10-01,2024-10-01
45,2,4,2,1,2024-10-08 10:54,2024-10-08 11:57,3834,0.0,235,completed,2024-10-08,2024-10-08
46,2,2,1,3,2024-10-11 06:47,2024-10-11 08:09,4969,3.9,307,completed,2024-10-11,2024-10-11
47,2,3,3,2,2024-10-12 11:45,2024-10-12 12:52,4060,21.2,357,completed,2024-10-12,2024-10-12
48,2,2,3,2,2024-10-16 05:55,2024-10-16 06:46,3094,3.0,379,completed,2024-10-16,2024-10-16
49,2,2,2,3,2024-10-17 08:09,2024-10-17 08:49,2417,3.5,289,completed,2024-10-17,2024-10-17
50,2,2,2,2,2024-10-17 09:58,2024-10-17 10:46,2883,2.2,492,completed,2024-10-17,2024-10-17
51,2,4,1,2,2024-10-18 12:59,2024-10-18 14:14,4506,0.0,358,completed,2024-10-18,2024-10-18
52,2,3,1,2,2024-10-21 13:54,2024-10-21 14:58,3846,14.6,673,completed,2024-10-21,2024-10-21
53,2,3,2,1,2024-10-23 10:04,2024-10-23 11:03,3572,16.7,221,completed,2024-10-23,2024-10-23
54,2,4,1,1,2024-10-23 06:23,2024-10-23 07:49,5197,0.0,395,completed,2024-10-23,2024-10-23
55,2,1,1,3,2024-10-23 06:00,2024-10-23 07:01,3696,9.0,401,completed,2024-10-23,2024-10-23
56,2,1,2,3,2024-10-23 14:52,2024-10-23 15:48,3365,6.3,265,completed,2024-10-23,2024-10-23
57,2,3,2,1,2024-10-25 17:46,2024-10-25 18:58,4375,13.2,239,completed,2024-10-25,2024-10-25
58,2,2,1,2,2024-10-26 12:35,2024-10-26 13:18,2626,2.1,366,completed,2024-10-26,2024-10-26
59,2,2,1,1,2024-10-30 13:12,2024-10-30 14:09,3471,2.0,257,completed,2024-10-30,2024-10-30
60,2,4,1,3,2024-11-07 11:32,2024-11-07 12:45,4432,0.0,262,completed,2024-11-07,2024-11-07
61,2,3,2,1,2024-11-08 17:38,2024-11-08 18:36,3530,15.8,627,completed,2024-11-08,2024-11-08
62,2,1,1,2,2024-11-11 17:58,2024-11-11 19:14,4592,9.0,664,completed,2024-11-11,2024-11-11
63,2,2,1,3,2024-11-11 12:44,2024-11-11 13:21,2228,2.7,382,completed,2024-11-11,2024-11-11
64,2,4,3,2,2024-11-12 10:42,2024-11-12 11:21,2390,0.0,429,completed,2024-11-12,2024-11-12
65,2,3,2,3,2024-11-13 17:57,2024-11-13 19:14,4628,14.6,256,completed,2024-11-13,2024-11-13
66,2,4,2,1,2024-11-14 10:13,2024-11-14 10:46,1988,0.0,217,completed,2024-11-14,2024-11-14
67,2,5,2,2,2024-11-21 14:59,2024-11-21 16:03,3855,1.2,653,completed,2024-11-21,2024-11-21
68,2,5,3,2,2024-11-21 15:23,2024-11-21 16:50,5222,0.8,428,completed,2024-11-21,2024-11-21
69,2,4,2,2,2024-11-22 14:23,2024-11-22 15:02,2350,0.0,590,completed,2024-11-22,2024-11-22
70,2,3,2,1,2024-11-24 14:36,2024-11-24 15:55,4760,13.4,490,completed,2024-11-24,2024-11-24
71,2,4,2,1,2024-11-27 12:14,2024-11-27 13:21,4049,0.0,569,completed,2024-11-27,2024-11-27
72,2,4,1,2,2024-11-28 14:37,2024-11-28 15:51,4440,0.0,312,completed,2024-11-28,2024-11-28
73,2,5,1,1,2024-11-30 18:26,2024-11-30 19:12,2771,0.9,175,completed,2024-11-30,2024-11-30
74,2,4,2,2,2024-12-02 13:28,2024-12-02 14:41,4382,0.0,638,completed,2024-12-02,2024-12-02
75,2,3,3,1,2024-12-03 14:18,2024-12-03 15:16,3485,22.0,545,completed,2024-12-03,2024-12-03
76,2,5,1,1,2024-12-03 10:07,2024-12-03 11:24,4631,1.5,192,completed,2024-12-03,2024-12-03
77,2,4,1,1,2024-12-04 17:59,2024-12-04 19:20,4901,0.0,531,completed,2024-12-04,2024-12-04
78,2,3,1,2,2024-12-06 14:17,2024-12-06 14:47,1807,22.7,291,completed,2024-12-06,2024-12-06
79,2,2,1,3,2024-12-06 13:32,2024-12-06 14:32,3654,2.6,264,completed,2024-12-06,2024-12-06
80,2,5,3,3,2024-12-07 12:45,2024-12-07 13:34,2975,1.1,279,completed,2024-12-07,2024-12-07
81,2,3,2,2,2024-12-08 06:57,2024-12-08 07:43,2818,16.3,663,completed,2024-12-08,2024-12-08
82,2,4,2,2,2024-12-11 14:18,2024-12-11 14:57,2340,0.0,509,completed,2024-12-11,2024-12-11
83,2,4,3,2,2024-12-17 11:35,2024-12-17 12:53,4732,0.0,366,completed,2024-12-17,2024-12-17
84,2,3,3,1,2024-12-18 14:55,2024-12-18 15:52,3463,21.3,467,completed,2024-12-18,2024-12-18
85,2,4,2,2,2024-12-21 11:46,2024-12-21 12:53,4071,0.0,184,completed,2024-12-21,2024-12-21
86,2,5,1,3,2024-12-22 14:05,2024-12-22 14:49,2643,0.5,156,completed,2024-12-22,2024-12-22
87,2,1,3,1,2024-12-23 14:05,2024-12-23 14:45,2439,5.6,243,completed,2024-12-23,2024-12-23
88,2,4,2,1,2024-12-27 13:08,2024-12-27 13:43,2136,0.0,633,completed,2024-12-27,2024-12-27
89,2,1,1,3,2024-12-28 07:17,2024-12-28 08:20,3829,6.0,515,completed,2024-12-28,2024-12-28
90,2,1,1,1,2024-12-28 10:20,2024-12-28 11:19,3544,7.7,519,completed,2024-12-28,2024-12-28
91,2,3,2,2,2024-12-29 05:18,2024-12-29 06:12,3295,14.8,457,completed,2024-12-29,2024-12-29
92,2,2,1,1,2024-12-29 12:33,2024-12-29 13:51,4693,2.8,466,completed,2024-12-29,2024-12-29
93,2,4,2,1,2024-12-30 18:27,2024-12-30 19:21,3274,0.0,226,completed,2024-12-30,2024-12-30
94,3,1,3,1,2024-10-02 08:30,2024-10-02 09:08,2307,8.0,409,completed,2024-10-02,2024-10-02
95,3,2,2,3,2024-10-02 06:59,2024-10-02 08:05,3980,3.6,323,completed,2024-10-02,2024-10-02
96,3,1,3,3,2024-10-10 06:45,2024-10-10 08:03,4732,8.7,610,completed,2024-10-10,2024-10-10
97,3,5,3,3,2024-10-11 13:00,2024-10-11 13:50,3054,1.3,220,completed,2024-10-11,2024-10-11
98,3,3,1,1,2024-10-13 13:38,2024-10-13 14:11,1996,15.6,663,completed,2024-10-13,2024-10-13
99,3,2,1,2,2024-10-14 07:37,2024-10-14 08:31,3270,3.0,665,completed,2024-10-14,2024-10-14
100,3,2,1,2,2024-10-16 07:37,2024-10-16 08:18,2479,3.4,293,completed,2024-10-16,2024-10-16
101,3,5,1,1,2024-10-17 15:18,2024-10-17 16:36,4705,0.6,224,completed,2024-10-17,2024-10-17
102,3,2,1,1,2024-10-18 18:06,2024-10-18 18:54,2927,3.3,414,completed,2024-10-18,2024-10-18
103,3,1,2,3,2024-10-20 18:14,2024-10-20 18:46,1965,5.4,445,completed,2024-10-20,2024-10-20
104,3,3,1,3,2024-10-23 14:09,2024-10-23 15:27,4719,19.1,630,completed,2024-10-23,2024-10-23
105,3,3,1,2,2024-10-26 09:49,2024-10-26 11:03,4447,23.3,649,completed,2024-10-26,2024-10-26
106,3,3,2,3,2024-10-27 12:58,2024-10-27 14:13,4534,15.0,583,completed,2024-10-27,2024-10-27
107,3,3,3,1,2024-10-28 06:48,2024-10-28 07:29,2486,18.2,339,completed,2024-10-28,2024-10-28
108,3,2,1,3,2024-10-28 08:17,2024-10-28 09:40,4995,3.6,663,completed,2024-10-28,2024-10-28
109,3,3,1,3,2024-10-29 06:48,2024-10-29 07:45,3472,14.0,688,completed,2024-10-29,2024-10-29
110,3,1,2,3,2024-10-31 15:19,2024-10-31 16:04,2726,7.4,192,completed,2024-10-31,2024-10-31
111,3,2,1,1,2024-11-04 16:15,2024-11-04 16:55,2403,2.7,330,completed,2024-11-04,2024-11-04
112,3,3,2,1,2024-11-08 10:59,2024-11-08 11:30,1868,16.9,187,completed,2024-11-08,2024-11-08
113,3,5,2,3,2024-11-10 09:59,2024-11-10 10:48,2974,0.9,235,completed,2024-11-10,2024-11-10
114,3,1,2,2,2024-11-15 06:32,2024-11-15 07:21,2983,7.9,629,completed,2024-11-15,2024-11-15
115,3,5,1,3,2024-11-16 15:20,2024-11-16 16:44,5067,1.0,550,completed,2024-11-16,2024-11-16
116,3,3,3,2,2024-11-17 07:13,2024-11-17 08:10,3474,13.2,654,completed,2024-11-17,2024-11-17
117,3,4,2,3,2024-11-20 11:26,2024-11-20 12:49,4985,0.0,661,completed,2024-11-20,2024-11-20
118,3,3,3,3,2024-11-21 17:40,2024-11-21 18:13,2024,18.0,535,completed,2024-11-21,2024-11-21
119,3,5,3,1,2024-11-27 10:57,2024-11-27 12:16,4751,1.1,181,completed,2024-11-27,2024-11-27
120,3,3,3,2,2024-12-01 11:48,2024-12-01 12:33,2756,20.0,322,completed,2024-12-01,2024-12-01
121,3,3,1,3,2024-12-02 07:48,2024-12-02 08:51,3796,16.5,335,completed,2024-12-02,2024-12-02
122,3,1,2,2,2024-12-02 07:48,2024-12-02 08:57,4146,7.0,249,completed,2024-12-02,2024-12-02
123,3,3,2,1,2024-12-04 14:34,2024-12-04 15:28,3268,22.2,157,completed,2024-12-04,2024-12-04
124,3,5,2,3,2024-12-10 08:34,2024-12-10 09:36,3753,0.8,455,completed,2024-12-10,2024-12-10
125,3,3,2,3,2024-12-11 13:37,2024-12-11 14:14,2228,14.6,329,completed,2024-12-11,2024-12-11
126,3,3,3,2,2024-12-12 17:21,2024-12-12 18:22,3678,20.3,410,completed,2024-12-12,2024-12-12
127,3,5,1,1,2024-12-18 06:59,2024-12-18 07:42,2583,1.0,204,completed,2024-12-18,2024-12-18
128,3,4,1,1,2024-12-20 17:15,2024-12-20 18:10,3335,0.0,469,completed,2024-12-20,2024-12-20
129,3,3,2,2,2024-12-21 17:38,2024-12-21 18:46,4091,12.9,572,completed,2024-12-21,2024-12-21
130,3,1,2,2,2024-12-22 12:49,2024-12-22 13:59,4228,7.4,482,completed,2024-12-22,2024-12-22
131,3,3,3,3,2024-12-25 13:54,2024-12-25 14:56,3726,12.5,452,completed,2024-12-25,2024-12-25
132,3,5,3,1,2024-12-25 18:55,2024-12-25 19:25,1829,1.3,645,completed,2024-12-25,2024-12-25
133,3,4,2,1,2024-12-26 09:24,2024-12-26 10:39,4546,0.0,166,completed,2024-12-26,2024-12-26
134,3,5,1,1,2024-12-27 08:53,2024-12-27 10:13,4853,0.7,245,completed,2024-12-27,2024-12-27
135,3,3,2,3,2024-12-28 17:43,2024-12-28 18:22,2385,15.4,529,completed,2024-12-28,2024-12-28
136,3,1,1,2,2024-12-28 10:14,2024-12-28 10:54,2442,8.7,522,completed,2024-12-28,2024-12-28
137,4,5,2,2,2024-10-05 06:59,2024-10-05 08:03,3877,0.8,406,completed,2024-10-05,2024-10-05
138,4,1,2,2,2024-10-06 13:47,2024-10-06 14:54,4025,7.9,559,completed,2024-10-06,2024-10-06
139,4,5,2,1,2024-10-07 14:31,2024-10-07 15:27,3385,0.9,312,completed,2024-10-07,2024-10-07
140,4,5,3,3,2024-10-09 17:06,2024-10-09 17:44,2337,1.2,459,completed,2024-10-09,2024-10-09
141,4,3,1,2,2024-10-09 14:07,2024-10-09 14:43,2196,20.2,392,completed,2024-10-09,2024-10-09
142,4,2,2,2,2024-10-11 13:43,2024-10-11 14:31,2924,2.2,589,completed,2024-10-11,2024-10-11
143,4,3,1,1,2024-10-12 05:20,2024-10-12 06:24,3865,19.3,226,completed,2024-10-12,2024-10-12
144,4,5,2,2,2024-10-14 07:46,2024-10-14 09:12,5177,0.7,265,completed,2024-10-14,2024-10-14
145,4,1,1,2,2024-10-15 10:17,2024-10-15 11:19,3772,5.8,687,completed,2024-10-15,2024-10-15
146,4,5,3,1,2024-10-16 10:28,2024-10-16 11:54,5217,1.4,416,completed,2024-10-16,2024-10-16
147,4,4,3,2,2024-10-16 08:40,2024-10-16 09:22,2538,0.0,611,completed,2024-10-16,2024-10-16
148,4,5,3,3,2024-10-17 07:29,2024-10-17 08:48,4799,1.3,302,completed,2024-10-17,2024-10-17
149,4,3,2,3,2024-10-19 18:51,2024-10-19 20:03,4374,14.3,535,completed,2024-10-19,2024-10-19
150,4,3,2,2,2024-10-20 18:55,2024-10-20 19:45,3045,21.7,161,completed,2024-10-20,2024-10-20
151,4,3,3,2,2024-10-23 12:16,2024-10-23 13:26,4257,24.5,473,completed,2024-10-23,2024-10-23
152,4,2,1,2,2024-10-25 05:13,2024-10-25 05:54,2470,2.1,337,completed,2024-10-25,2024-10-25
153,4,4,2,1,2024-10-26 16:47,2024-10-26 17:54,4040,0.0,153,completed,2024-10-26,2024-10-26
154,4,5,3,2,2024-10-30 17:58,2024-10-30 19:05,4045,1.1,299,completed,2024-10-30,2024-10-30
155,4,4,1,1,2024-11-03 05:37,2024-11-03 06:21,2674,0.0,536,completed,2024-11-03,2024-11-03
156,4,2,2,2,2024-11-07 16:26,2024-11-07 17:51,5119,3.0,229,completed,2024-11-07,2024-11-07
157,4,5,1,2,2024-11-07 06:47,2024-11-07 08:05,4726,1.3,505,completed,2024-11-07,2024-11-07
158,4,2,3,1,2024-11-07 18:02,2024-11-07 18:42,2417,3.4,666,completed,2024-11-07,2024-11-07
159,4,2,1,1,2024-11-09 15:28,2024-11-09 16:29,3679,3.1,309,completed,2024-11-09,2024-11-09
160,4,2,1,3,2024-11-15 09:03,2024-11-15 10:27,5095,2.9,231,completed,2024-11-15,2024-11-15
161,4,3,1,3,2024-11-16 13:18,2024-11-16 14:41,5019,21.4,669,completed,2024-11-16,2024-11-16
162,4,2,2,2,2024-11-21 08:06,2024-11-21 08:49,2618,2.7,274,completed,2024-11-21,2024-11-21
163,4,3,3,3,2024-11-21 10:59,2024-11-21 12:04,3948,19.9,274,completed,2024-11-21,2024-11-21
164,4,1,1,3,2024-11-22 13:20,2024-11-22 14:47,5261,6.2,619,completed,2024-11-22,2024-11-22
165,4,3,3,3,2024-11-23 15:17,2024-11-23 16:33,4597,20.3,260,completed,2024-11-23,2024-11-23
166,4,1,1,2,2024-11-29 17:16,2024-11-29 18:32,4582,8.9,172,completed,2024-11-29,2024-11-29
167,4,1,3,1,2024-11-30 11:53,2024-11-30 13:20,5256,7.0,294,completed,2024-11-30,2024-11-30
168,4,3,2,3,2024-12-04 08:14,2024-12-04 09:22,4122,12.6,610,completed,2024-12-04,2024-12-04
169,4,4,3,3,2024-12-05 11:45,2024-12-05 12:38,3197,0.0,613,completed,2024-12-05,2024-12-05
170,4,2,2,3,2024-12-07 14:42,2024-12-07 16:09,5252,3.1,681,completed,2024-12-07,2024-12-07
171,4,4,1,3,2024-12-08 08:30,2024-12-08 09:26,3384,0.0,453,completed,2024-12-08,2024-12-08
172,4,4,1,1,2024-12-09 16:16,2024-12-09 17:06,3050,0.0,669,completed,2024-12-09,2024-12-09
173,4,5,1,2,2024-12-11 15:18,2024-12-11 16:47,5361,1.1,358,completed,2024-12-11,2024-12-11
174,4,2,3,1,2024-12-11 09:18,2024-12-11 10:38,4822,2.3,326,completed,2024-12-11,2024-12-11
175,4,1,3,2,2024-12-15 16:37,2024-12-15 17:55,4708,9.8,326,completed,2024-12-15,2024-12-15
176,4,3,1,3,2024-12-15 18:35,2024-12-15 19:10,2113,18.4,394,completed,2024-12-15,2024-12-15
177,4,3,3,3,2024-12-19 11:20,2024-12-19 11:54,2088,20.5,240,completed,2024-12-19,2024-12-19
178,4,1,1,1,2024-12-21 13:46,2024-12-21 14:22,2198,5.4,474,completed,2024-12-21,2024-12-21
179,4,5,2,1,2024-12-21 10:00,2024-12-21 11:04,3875,1.4,608,completed,2024-12-21,2024-12-21
180,4,4,2,3,2024-12-21 12:17,2024-12-21 13:02,2727,0.0,393,completed,2024-12-21,2024-12-21
181,4,2,3,3,2024-12-26 13:39,2024-12-26 14:27,2939,3.8,374,completed,2024-12-26,2024-12-26
182,4,2,3,2,2024-12-31 10:09,2024-12-31 11:21,4332,2.0,687,completed,2024-12-31,2024-12-31
183,4,2,2,1,2024-12-31 07:12,2024-12-31 08:13,3683,4.0,542,completed,2024-12-31,2024-12-31
184,4,4,2,3,2024-12-31 11:00,2024-12-31 11:48,2914,0.0,357,completed,2024-12-31,2024-12-31
185,5,3,1,3,2024-10-01 10:49,2024-10-01 11:43,3296,15.5,363,completed,2024-10-01,2024-10-01
186,5,4,3,3,2024-10-06 15:56,2024-10-06 17:19,4984,0.0,226,completed,2024-10-06,2024-10-06
187,5,5,3,1,2024-10-07 17:07,2024-10-07 17:43,2206,1.4,419,completed,2024-10-07,2024-10-07
188,5,3,3,1,2024-10-07 08:28,2024-10-07 09:38,4259,22.8,319,completed,2024-10-07,2024-10-07
189,5,1,1,2,2024-10-10 14:14,2024-10-10 14:57,2625,6.4,223,completed,2024-10-10,2024-10-10
190,5,5,2,2,2024-10-10 18:54,2024-10-10 19:33,2359,1.2,638,completed,2024-10-10,2024-10-10
191,5,4,1,3,2024-10-11 09:52,2024-10-11 10:23,1868,0.0,658,completed,2024-10-11,2024-10-11
192,5,3,2,3,2024-10-13 13:48,2024-10-13 14:36,2909,15.3,508,completed,2024-10-13,2024-10-13
193,5,4,3,1,2024-10-13 10:30,2024-10-13 11:18,2885,0.0,569,completed,2024-10-13,2024-10-13
194,5,2,1,2,2024-10-14 16:42,2024-10-14 17:13,1894,3.6,688,completed,2024-10-14,2024-10-14
195,5,1,3,2,2024-10-14 09:17,2024-10-14 10:46,5396,6.3,360,completed,2024-10-14,2024-10-14
196,5,1,3,2,2024-10-19 18:26,2024-10-19 19:53,5243,5.5,655,completed,2024-10-19,2024-10-19
197,5,4,1,1,2024-10-19 05:41,2024-10-19 06:17,2196,0.0,561,completed,2024-10-19,2024-10-19
198,5,5,3,2,2024-10-21 09:49,2024-10-21 10:35,2799,1.3,451,completed,2024-10-21,2024-10-21
199,5,2,1,1,2024-10-21 11:46,2024-10-21 12:19,2019,3.2,657,completed,2024-10-21,2024-10-21
200,5,5,1,2,2024-10-21 09:20,2024-10-21 09:59,2368,1.3,360,completed,2024-10-21,2024-10-21
201,5,5,3,3,2024-10-23 07:11,2024-10-23 08:22,4264,1.1,545,completed,2024-10-23,2024-10-23
202,5,2,3,1,2024-10-25 18:41,2024-10-25 19:49,4085,3.4,428,completed,2024-10-25,2024-10-25
203,5,3,1,3,2024-10-25 12:47,2024-10-25 14:11,5090,18.9,154,completed,2024-10-25,2024-10-25
204,5,4,3,2,2024-10-31 05:54,2024-10-31 07:03,4171,0.0,409,completed,2024-10-31,2024-10-31
205,5,1,2,1,2024-11-01 07:32,2024-11-01 08:53,4915,8.3,646,completed,2024-11-01,2024-11-01
206,5,2,3,1,2024-11-01 12:36,2024-11-01 13:50,4462,3.3,698,completed,2024-11-01,2024-11-01
207,5,5,3,3,2024-11-02 12:42,2024-11-02 14:10,5301,0.7,329,completed,2024-11-02,2024-11-02
208,5,5,1,2,2024-11-05 18:44,2024-11-05 19:36,3124,1.3,354,completed,2024-11-05,2024-11-05
209,5,3,1,2,2024-11-06 07:21,2024-11-06 07:59,2326,19.7,442,completed,2024-11-06,2024-11-06
210,5,1,1,3,2024-11-07 18:43,2024-11-07 19:15,1964,6.8,342,completed,2024-11-07,2024-11-07
211,5,4,1,1,2024-11-11 13:53,2024-11-11 15:13,4831,0.0,417,completed,2024-11-11,2024-11-11
212,5,3,2,3,2024-11-12 14:06,2024-11-12 14:58,3169,14.7,560,completed,2024-11-12,2024-11-12
213,5,5,2,3,2024-11-18 10:16,2024-11-18 11:13,3422,1.0,299,completed,2024-11-18,2024-11-18
214,5,1,2,1,2024-11-18 11:22,2024-11-18 12:37,4518,5.1,193,completed,2024-11-18,2024-11-18
215,5,2,3,2,2024-11-23 11:18,2024-11-23 11:53,2140,3.7,221,completed,2024-11-23,2024-11-23
216,5,5,2,1,2024-11-26 08:12,2024-11-26 09:13,3666,0.7,404,completed,2024-11-26,2024-11-26
217,5,2,2,1,2024-11-26 10:50,2024-11-26 11:27,2220,2.5,212,completed,2024-11-26,2024-11-26
218,5,2,2,1,2024-11-29 13:16,2024-11-29 14:44,5301,3.4,323,completed,2024-11-29,2024-11-29
219,5,5,1,2,2024-11-29 16:26,2024-11-29 17:18,3173,0.7,229,completed,2024-11-29,2024-11-29
220,5,1,3,2,2024-12-02 18:49,2024-12-02 20:03,4473,5.6,514,completed,2024-12-02,2024-12-02
221,5,4,3,1,2024-12-02 06:19,2024-12-02 07:48,5365,0.0,621,completed,2024-12-02,2024-12-02
222,5,1,2,1,2024-12-06 16:46,2024-12-06 17:19,1984,8.4,161,completed,2024-12-06,2024-12-06
223,5,4,2,3,2024-12-07 13:26,2024-12-07 14:55,5366,0.0,490,completed,2024-12-07,2024-12-07
224,5,1,2,3,2024-12-07 17:04,2024-12-07 17:45,2516,7.2,315,completed,2024-12-07,2024-12-07
225,5,2,2,2,2024-12-08 09:18,2024-12-08 09:49,1869,3.8,342,completed,2024-12-08,2024-12-08
226,5,2,2,2,2024-12-08 11:45,2024-12-08 12:47,3751,3.1,422,completed,2024-12-08,2024-12-08
227,5,4,1,2,2024-12-08 13:24,2024-12-08 14:31,4068,0.0,318,completed,2024-12-08,2024-12-08
228,5,5,2,2,2024-12-10 08:34,2024-12-10 09:47,4418,1.4,517,completed,2024-12-10,2024-12-10
229,5,4,3,2,2024-12-10 06:28,2024-12-10 07:05,2255,0.0,402,completed,2024-12-10,2024-12-10
230,5,5,1,3,2024-12-11 18:01,2024-12-11 19:14,4418,1.1,555,completed,2024-12-11,2024-12-11
231,5,5,3,3,2024-12-11 11:47,2024-12-11 12:23,2180,0.6,227,completed,2024-12-11,2024-12-11
232,5,2,1,1,2024-12-11 12:04,2024-12-11 12:42,2330,2.1,238,completed,2024-12-11,2024-12-11
233,5,4,1,2,2024-12-13 18:30,2024-12-13 19:50,4832,0.0,379,completed,2024-12-13,2024-12-13
234,5,1,1,2,2024-12-14 07:02,2024-12-14 07:55,3224,5.1,619,completed,2024-12-14,2024-12-14
235,5,4,1,1,2024-12-14 15:01,2024-12-14 16:24,5024,0.0,249,completed,2024-12-14,2024-12-14
236,5,3,2,3,2024-12-16 06:55,2024-12-16 07:39,2691,16.4,284,completed,2024-12-16,2024-12-16
237,5,4,1,1,2024-12-17 08:01,2024-12-17 09:30,5395,0.0,463,completed,2024-12-17,2024-12-17
238,5,3,2,2,2024-12-18 13:21,2024-12-18 14:38,4659,24.3,184,completed,2024-12-18,2024-12-18
239,5,1,1,2,2024-12-23 05:35,2024-12-23 06:45,4209,7.7,426,completed,2024-12-23,2024-12-23
240,5,1,3,3,2024-12-24 07:00,2024-12-24 08:19,4756,8.8,488,completed,2024-12-24,2024-12-24
241,5,2,1,3,2024-12-26 17:14,2024-12-26 17:46,1953,2.8,262,completed,2024-12-26,2024-12-26
242,5,5,1,1,2024-12-29 12:00,2024-12-29 13:18,4723,1.2,672,completed,2024-12-29,2024-12-29
243,5,2,3,2,2024-12-29 08:43,2024-12-29 09:49,4012,2.8,200,completed,2024-12-29,2024-12-29
244,5,1,1,1,2024-12-31 11:48,2024-12-31 12:42,3266,8.7,288,completed,2024-12-31,2024-12-31
245,6,5,2,3,2024-10-02 06:30,2024-10-02 07:17,2839,0.9,421,completed,2024-10-02,2024-10-02
246,6,3,3,1,2024-10-06 11:49,2024-10-06 12:36,2852,19.1,591,completed,2024-10-06,2024-10-06
247,6,2,2,2,2024-10-08 18:07,2024-10-08 19:03,3414,3.3,370,completed,2024-10-08,2024-10-08
248,6,5,2,2,2024-10-11 06:35,2024-10-11 07:18,2612,0.6,430,completed,2024-10-11,2024-10-11
249,6,3,2,2,2024-10-13 17:25,2024-10-13 18:09,2673,16.0,609,completed,2024-10-13,2024-10-13
250,6,5,2,2,2024-10-14 07:44,2024-10-14 08:22,2319,0.7,452,completed,2024-10-14,2024-10-14
251,6,2,2,3,2024-10-14 10:09,2024-10-14 11:17,4090,3.5,415,completed,2024-10-14,2024-10-14
252,6,5,3,3,2024-10-15 11:14,2024-10-15 11:57,2609,0.8,255,completed,2024-10-15,2024-10-15
253,6,4,3,1,2024-10-16 17:25,2024-10-16 18:14,2941,0.0,276,completed,2024-10-16,2024-10-16
254,6,1,2,3,2024-10-17 13:34,2024-10-17 14:07,2029,9.4,322,completed,2024-10-17,2024-10-17
255,6,3,3,3,2024-10-19 08:46,2024-10-19 09:52,4011,23.4,162,completed,2024-10-19,2024-10-19
256,6,2,2,2,2024-10-21 06:21,2024-10-21 07:30,4155,3.0,261,completed,2024-10-21,2024-10-21
257,6,5,2,2,2024-10-28 08:16,2024-10-28 09:35,4765,1.0,605,completed,2024-10-28,2024-10-28
258,6,2,3,2,2024-10-29 11:00,2024-10-29 12:05,3950,3.2,295,completed,2024-10-29,2024-10-29
259,6,4,3,3,2024-10-30 18:14,2024-10-30 19:32,4693,0.0,372,completed,2024-10-30,2024-10-30
260,6,4,2,1,2024-10-30 08:22,2024-10-30 09:11,2952,0.0,451,completed,2024-10-30,2024-10-30
261,6,5,2,2,2024-11-02 10:27,2024-11-02 11:10,2633,1.2,371,completed,2024-11-02,2024-11-02
262,6,5,1,1,2024-11-04 13:14,2024-11-04 14:08,3279,0.6,537,completed,2024-11-04,2024-11-04
263,6,5,3,3,2024-11-04 13:03,2024-11-04 13:40,2245,1.1,205,completed,2024-11-04,2024-11-04
264,6,1,1,2,2024-11-04 18:05,2024-11-04 19:02,3469,6.0,493,completed,2024-11-04,2024-11-04
265,6,5,2,1,2024-11-05 18:20,2024-11-05 19:16,3395,1.0,198,completed,2024-11-05,2024-11-05
266,6,5,1,2,2024-11-08 18:35,2024-11-08 19:30,3348,0.8,214,completed,2024-11-08,2024-11-08
267,6,4,1,2,2024-11-09 12:07,2024-11-09 12:45,2286,0.0,299,completed,2024-11-09,2024-11-09
268,6,5,2,1,2024-11-12 14:06,2024-11-12 14:36,1844,1.0,442,completed,2024-11-12,2024-11-12
269,6,5,3,2,2024-11-14 09:31,2024-11-14 10:11,2419,1.1,369,completed,2024-11-14,2024-11-14
270,6,5,2,3,2024-11-15 15:13,2024-11-15 16:19,4019,1.0,293,completed,2024-11-15,2024-11-15
271,6,5,1,1,2024-11-18 15:31,2024-11-18 16:34,3819,0.9,648,completed,2024-11-18,2024-11-18
272,6,1,1,1,2024-11-18 13:31,2024-11-18 14:55,5061,7.0,325,completed,2024-11-18,2024-11-18
273,6,1,1,2,2024-11-20 17:55,2024-11-20 19:12,4679,7.3,498,completed,2024-11-20,2024-11-20
274,6,1,3,3,2024-11-22 14:39,2024-11-22 15:23,2659,5.4,592,completed,2024-11-22,2024-11-22
275,6,3,1,1,2024-11-26 14:52,2024-11-26 15:51,3595,21.7,237,completed,2024-11-26,2024-11-26
276,6,1,3,3,2024-11-26 17:54,2024-11-26 19:00,3977,6.6,392,completed,2024-11-26,2024-11-26
277,6,5,3,3,2024-11-27 14:20,2024-11-27 14:53,1996,1.4,361,completed,2024-11-27,2024-11-27
278,6,4,3,2,2024-11-27 13:40,2024-11-27 14:11,1879,0.0,537,completed,2024-11-27,2024-11-27
279,6,3,1,3,2024-12-01 09:56,2024-12-01 10:50,3282,21.9,687,completed,2024-12-01,2024-12-01
280,6,5,2,2,2024-12-01 05:31,2024-12-01 06:46,4505,1.4,637,completed,2024-12-01,2024-12-01
281,6,5,1,1,2024-12-02 13:41,2024-12-02 14:48,4072,0.7,327,completed,2024-12-02,2024-12-02
282,6,3,2,1,2024-12-03 05:43,2024-12-03 06:29,2793,16.2,550,completed,2024-12-03,2024-12-03
283,6,5,1,2,2024-12-03 15:34,2024-12-03 16:05,1896,1.5,300,completed,2024-12-03,2024-12-03
284,6,2,3,2,2024-12-05 17:44,2024-12-05 19:01,4646,3.2,413,completed,2024-12-05,2024-12-05
285,6,5,1,1,2024-12-11 10:29,2024-12-11 11:54,5109,1.4,443,completed,2024-12-11,2024-12-11
286,6,5,2,3,2024-12-12 11:23,2024-12-12 12:50,5253,1.0,309,completed,2024-12-12,2024-12-12
287,6,1,2,1,2024-12-15 16:11,2024-12-15 17:34,5029,5.7,606,completed,2024-12-15,2024-12-15
288,6,2,1,2,2024-12-16 16:19,2024-12-16 17:30,4278,2.6,281,completed,2024-12-16,2024-12-16
289,6,1,2,2,2024-12-16 10:32,2024-12-16 11:09,2253,7.2,640,completed,2024-12-16,2024-12-16
290,6,4,1,2,2024-12-17 16:23,2024-12-17 17:03,2402,0.0,251,completed,2024-12-17,2024-12-17
291,6,3,2,3,2024-12-17 15:13,2024-12-17 16:02,2956,20.6,447,completed,2024-12-17,2024-12-17
292,6,4,2,1,2024-12-18 05:50,2024-12-18 07:10,4844,0.0,501,completed,2024-12-18,2024-12-18
293,6,5,1,1,2024-12-19 06:38,2024-12-19 07:29,3064,1.1,669,completed,2024-12-19,2024-12-19
294,6,5,2,3,2024-12-24 09:49,2024-12-24 10:26,2243,1.4,292,completed,2024-12-24,2024-12-24
295,6,1,1,2,2024-12-24 07:46,2024-12-24 09:06,4812,5.1,435,completed,2024-12-24,2024-12-24
296,6,5,1,2,2024-12-25 11:39,2024-12-25 12:31,3165,1.3,234,completed,2024-12-25,2024-12-25
297,6,4,2,3,2024-12-28 14:14,2024-12-28 15:14,3627,0.0,280,completed,2024-12-28,2024-12-28
298,6,3,2,2,2024-12-28 13:04,2024-12-28 14:31,5223,20.7,626,completed,2024-12-28,2024-12-28
299,6,2,3,3,2024-12-29 14:06,2024-12-29 15:27,4918,2.3,252,completed,2024-12-29,2024-12-29
300,6,4,2,2,2024-12-29 16:38,2024-12-29 17:30,3157,0.0,446,completed,2024-12-29,2024-12-29
301,7,4,1,1,2024-10-01 08:24,2024-10-01 09:31,4035,0.0,157,completed,2024-10-01,2024-10-01
302,7,5,3,1,2024-10-03 18:40,2024-10-03 20:01,4885,0.7,222,completed,2024-10-03,2024-10-03
303,7,2,2,3,2024-10-03 10:39,2024-10-03 11:28,2992,2.3,513,completed,2024-10-03,2024-10-03
304,7,1,3,2,2024-10-04 10:40,2024-10-04 11:28,2897,7.8,593,completed,2024-10-04,2024-10-04
305,7,1,1,1,2024-10-05 12:07,2024-10-05 12:58,3104,7.2,626,completed,2024-10-05,2024-10-05
306,7,2,2,3,2024-10-09 11:49,2024-10-09 12:30,2509,2.2,219,completed,2024-10-09,2024-10-09
307,7,3,1,1,2024-10-12 07:21,2024-10-12 08:43,4967,17.4,365,completed,2024-10-12,2024-10-12
308,7,4,3,2,2024-10-12 12:06,2024-10-12 13:22,4604,0.0,333,completed,2024-10-12,2024-10-12
309,7,3,1,1,2024-10-17 05:40,2024-10-17 06:35,3324,17.0,261,completed,2024-10-17,2024-10-17
310,7,4,3,1,2024-10-17 15:21,2024-10-17 16:12,3100,0.0,297,completed,2024-10-17,2024-10-17
311,7,1,1,1,2024-10-17 08:55,2024-10-17 10:18,5000,7.4,637,completed,2024-10-17,2024-10-17
312,7,4,1,3,2024-10-18 06:21,2024-10-18 07:37,4577,0.0,550,completed,2024-10-18,2024-10-18
313,7,4,2,3,2024-10-20 14:14,2024-10-20 15:00,2805,0.0,224,completed,2024-10-20,2024-10-20
314,7,1,1,2,2024-10-21 08:12,2024-10-21 08:48,2198,5.9,174,completed,2024-10-21,2024-10-21
315,7,3,3,2,2024-10-22 09:47,2024-10-22 11:07,4846,19.1,443,completed,2024-10-22,2024-10-22
316,7,2,3,3,2024-10-23 09:06,2024-10-23 10:20,4449,2.9,313,completed,2024-10-23,2024-10-23
317,7,1,2,3,2024-10-29 16:09,2024-10-29 17:07,3532,8.7,371,completed,2024-10-29,2024-10-29
318,7,2,2,1,2024-10-29 12:38,2024-10-29 13:28,3040,2.5,382,completed,2024-10-29,2024-10-29
319,7,2,1,3,2024-11-01 14:32,2024-11-01 15:04,1979,3.6,248,completed,2024-11-01,2024-11-01
320,7,2,2,3,2024-11-01 05:21,2024-11-01 06:30,4171,3.2,665,completed,2024-11-01,2024-11-01
321,7,2,1,2,2024-11-01 18:48,2024-11-01 20:17,5361,3.1,324,completed,2024-11-01,2024-11-01
322,7,3,1,3,2024-11-02 14:02,2024-11-02 15:24,4935,20.6,306,completed,2024-11-02,2024-11-02
323,7,1,1,1,2024-11-04 14:02,2024-11-04 15:19,4627,9.6,426,completed,2024-11-04,2024-11-04
324,7,1,1,2,2024-11-04 07:34,2024-11-04 08:09,2125,7.5,264,completed,2024-11-04,2024-11-04
325,7,5,3,1,2024-11-07 17:02,2024-11-07 18:06,3849,1.3,435,completed,2024-11-07,2024-11-07
326,7,2,2,2,2024-11-10 09:55,2024-11-10 10:47,3129,2.4,294,completed,2024-11-10,2024-11-10
327,7,1,2,3,2024-11-20 13:22,2024-11-20 14:23,3714,7.1,413,completed,2024-11-20,2024-11-20
328,7,3,1,1,2024-11-21 10:27,2024-11-21 11:49,4973,16.2,408,completed,2024-11-21,2024-11-21
329,7,1,1,2,2024-11-23 09:30,2024-11-23 10:53,4986,7.8,525,completed,2024-11-23,2024-11-23
330,7,3,3,3,2024-11-25 18:30,2024-11-25 19:51,4882,17.2,451,completed,2024-11-25,2024-11-25
331,7,3,3,1,2024-11-26 14:31,2024-11-26 15:26,3304,24.8,174,completed,2024-11-26,2024-11-26
332,7,1,3,1,2024-11-27 10:51,2024-11-27 11:52,3688,5.8,392,completed,2024-11-27,2024-11-27
333,7,2,3,1,2024-11-29 10:29,2024-11-29 11:38,4176,2.5,191,completed,2024-11-29,2024-11-29
334,7,3,1,2,2024-11-29 17:25,2024-11-29 17:55,1824,20.0,309,completed,2024-11-29,2024-11-29
335,7,1,2,3,2024-12-01 13:43,2024-12-01 14:59,4564,6.6,503,completed,2024-12-01,2024-12-01
336,7,3,2,2,2024-12-03 14:00,2024-12-03 15:09,4158,14.5,681,completed,2024-12-03,2024-12-03
337,7,4,1,2,2024-12-03 07:55,2024-12-03 08:30,2129,0.0,561,completed,2024-12-03,2024-12-03
338,7,3,2,2,2024-12-06 10:52,2024-12-06 12:08,4594,17.0,456,completed,2024-12-06,2024-12-06
339,7,1,1,3,2024-12-09 18:29,2024-12-09 19:00,1867,6.6,686,completed,2024-12-09,2024-12-09
340,7,3,3,3,2024-12-09 05:28,2024-12-09 06:06,2294,23.2,177,completed,2024-12-09,2024-12-09
341,7,4,2,1,2024-12-10 14:55,2024-12-10 15:58,3790,0.0,589,completed,2024-12-10,2024-12-10
342,7,2,1,2,2024-12-10 14:09,2024-12-10 15:03,3240,2.3,195,completed,2024-12-10,2024-12-10
343,7,4,3,1,2024-12-11 11:08,2024-12-11 12:03,3314,0.0,652,completed,2024-12-11,2024-12-11
344,7,4,2,1,2024-12-12 05:04,2024-12-12 06:19,4502,0.0,683,completed,2024-12-12,2024-12-12
345,7,2,1,2,2024-12-18 07:49,2024-12-18 08:47,3524,3.5,360,completed,2024-12-18,2024-12-18
346,7,3,1,2,2024-12-20 09:34,2024-12-20 10:33,3599,13.3,454,completed,2024-12-20,2024-12-20
347,7,4,2,2,2024-12-23 07:37,2024-12-23 09:03,5209,0.0,479,completed,2024-12-23,2024-12-23
348,7,2,2,1,2024-12-25 12:20,2024-12-25 13:35,4559,3.0,450,completed,2024-12-25,2024-12-25
349,7,3,2,2,2024-12-27 17:10,2024-12-27 18:21,4303,17.6,179,completed,2024-12-27,2024-12-27
350,7,1,3,3,2024-12-28 15:50,2024-12-28 16:29,2359,8.7,286,completed,2024-12-28,2024-12-28
351,7,3,1,3,2024-12-28 13:32,2024-12-28 14:16,2669,14.2,449,completed,2024-12-28,2024-12-28
352,7,5,3,2,2024-12-28 07:56,2024-12-28 08:35,2396,1.1,284,completed,2024-12-28,2024-12-28
353,7,5,2,2,2024-12-29 15:16,2024-12-29 16:32,4599,1.4,212,completed,2024-12-29,2024-12-29
354,8,2,2,2,2024-10-01 08:03,2024-10-01 08:56,3238,3.8,588,completed,2024-10-01,2024-10-01
355,8,2,3,1,2024-10-04 18:22,2024-10-04 19:00,2327,3.4,258,completed,2024-10-04,2024-10-04
356,8,1,3,2,2024-10-05 14:00,2024-10-05 14:59,3584,7.8,635,completed,2024-10-05,2024-10-05
357,8,2,1,2,2024-10-05 10:56,2024-10-05 11:49,3192,3.1,167,completed,2024-10-05,2024-10-05
358,8,3,2,3,2024-10-07 16:07,2024-10-07 17:35,5304,18.2,639,completed,2024-10-07,2024-10-07
359,8,1,3,3,2024-10-07 09:59,2024-10-07 10:49,3018,9.3,433,completed,2024-10-07,2024-10-07
360,8,4,3,3,2024-10-08 18:45,2024-10-08 20:12,5275,0.0,698,completed,2024-10-08,2024-10-08
361,8,2,3,2,2024-10-09 13:02,2024-10-09 14:10,4111,2.2,383,completed,2024-10-09,2024-10-09
362,8,1,2,3,2024-10-10 14:53,2024-10-10 15:54,3671,9.9,307,completed,2024-10-10,2024-10-10
363,8,2,3,2,2024-10-11 07:18,2024-10-11 08:05,2820,3.2,553,completed,2024-10-11,2024-10-11
364,8,2,1,2,2024-10-12 17:52,2024-10-12 18:25,1989,3.5,507,completed,2024-10-12,2024-10-12
365,8,4,1,2,2024-10-15 13:19,2024-10-15 13:59,2409,0.0,560,completed,2024-10-15,2024-10-15
366,8,4,3,1,2024-10-20 10:43,2024-10-20 11:22,2384,0.0,430,completed,2024-10-20,2024-10-20
367,8,5,3,3,2024-10-21 14:04,2024-10-21 15:14,4212,1.2,322,completed,2024-10-21,2024-10-21
368,8,3,2,2,2024-10-22 12:37,2024-10-22 14:01,5043,18.5,569,completed,2024-10-22,2024-10-22
369,8,2,1,2,2024-10-25 15:48,2024-10-25 16:42,3287,3.2,441,completed,2024-10-25,2024-10-25
370,8,4,3,1,2024-10-29 09:17,2024-10-29 10:22,3933,0.0,547,completed,2024-10-29,2024-10-29
371,8,3,1,1,2024-10-31 16:19,2024-10-31 17:05,2818,13.5,171,completed,2024-10-31,2024-10-31
372,8,1,2,1,2024-11-04 13:29,2024-11-04 14:05,2205,6.9,669,completed,2024-11-04,2024-11-04
373,8,5,1,2,2024-11-05 05:16,2024-11-05 06:20,3867,0.9,529,completed,2024-11-05,2024-11-05
374,8,5,1,2,2024-11-06 12:07,2024-11-06 13:16,4175,0.8,331,completed,2024-11-06,2024-11-06
375,8,4,1,3,2024-11-08 07:04,2024-11-08 08:07,3817,0.0,427,completed,2024-11-08,2024-11-08
376,8,4,3,3,2024-11-08 17:45,2024-11-08 18:16,1901,0.0,190,completed,2024-11-08,2024-11-08
377,8,2,3,3,2024-11-09 13:11,2024-11-09 14:22,4284,3.7,420,completed,2024-11-09,2024-11-09
378,8,2,2,3,2024-11-12 18:49,2024-11-12 20:11,4930,2.8,207,completed,2024-11-12,2024-11-12
379,8,5,3,2,2024-11-15 17:29,2024-11-15 18:51,4963,1.1,631,completed,2024-11-15,2024-11-15
380,8,5,3,3,2024-11-19 12:56,2024-11-19 14:08,4329,0.7,417,completed,2024-11-19,2024-11-19
381,8,2,2,2,2024-11-20 09:38,2024-11-20 10:20,2564,2.1,175,completed,2024-11-20,2024-11-20
382,8,3,3,3,2024-11-22 07:23,2024-11-22 08:11,2891,23.2,609,completed,2024-11-22,2024-11-22
383,8,2,1,1,2024-11-22 09:56,2024-11-22 10:27,1881,3.8,406,completed,2024-11-22,2024-11-22
384,8,5,2,1,2024-11-23 06:08,2024-11-23 06:48,2444,1.1,541,completed,2024-11-23,2024-11-23
385,8,5,1,1,2024-11-23 13:30,2024-11-23 14:56,5214,1.5,359,completed,2024-11-23,2024-11-23
386,8,5,3,3,2024-11-25 15:19,2024-11-25 16:30,4309,0.8,190,completed,2024-11-25,2024-11-25
387,8,2,3,3,2024-11-26 10:51,2024-11-26 11:42,3105,3.8,620,completed,2024-11-26,2024-11-26
388,8,5,2,1,2024-11-28 11:18,2024-11-28 12:11,3237,0.8,610,completed,2024-11-28,2024-11-28
389,8,4,1,3,2024-11-30 13:23,2024-11-30 13:57,2097,0.0,259,completed,2024-11-30,2024-11-30
390,8,4,2,1,2024-12-08 14:23,2024-12-08 15:19,3411,0.0,342,completed,2024-12-08,2024-12-08
391,8,5,1,1,2024-12-08 15:51,2024-12-08 16:40,2998,0.9,586,completed,2024-12-08,2024-12-08
392,8,4,1,2,2024-12-11 17:47,2024-12-11 18:48,3703,0.0,323,completed,2024-12-11,2024-12-11
393,8,4,1,2,2024-12-14 17:04,2024-12-14 18:25,4892,0.0,404,completed,2024-12-14,2024-12-14
394,8,3,1,3,2024-12-14 11:53,2024-12-14 12:45,3172,15.9,378,completed,2024-12-14,2024-12-14
395,8,5,2,3,2024-12-15 08:23,2024-12-15 08:59,2197,0.8,241,completed,2024-12-15,2024-12-15
396,8,3,3,3,2024-12-15 11:29,2024-12-15 12:52,4985,24.6,359,completed,2024-12-15,2024-12-15
397,8,2,1,2,2024-12-15 11:27,2024-12-15 12:42,4530,2.3,201,completed,2024-12-15,2024-12-15
398,8,2,1,3,2024-12-15 08:44,2024-12-15 09:56,4342,2.9,584,completed,2024-12-15,2024-12-15
399,8,2,1,2,2024-12-16 12:11,2024-12-16 13:21,4228,2.4,583,completed,2024-12-16,2024-12-16
400,8,3,3,3,2024-12-16 11:22,2024-12-16 12:30,4091,15.4,350,completed,2024-12-16,2024-12-16
401,8,4,2,3,2024-12-19 17:00,2024-12-19 18:18,4712,0.0,699,completed,2024-12-19,2024-12-19
402,8,1,1,3,2024-12-19 16:50,2024-12-19 17:31,2515,9.1,151,completed,2024-12-19,2024-12-19
403,8,4,2,3,2024-12-21 05:32,2024-12-21 06:49,4672,0.0,304,completed,2024-12-21,2024-12-21
404,8,5,3,3,2024-12-22 13:30,2024-12-22 14:30,3614,1.3,685,completed,2024-12-22,2024-12-22
405,8,3,2,2,2024-12-24 15:51,2024-12-24 16:35,2685,13.4,454,completed,2024-12-24,2024-12-24
406,8,1,2,1,2024-12-25 10:38,2024-12-25 11:22,2688,7.8,318,completed,2024-12-25,2024-12-25
407,8,1,2,1,2024-12-25 07:36,2024-12-25 08:36,3627,6.1,375,completed,2024-12-25,2024-12-25
408,8,4,3,3,2024-12-26 05:03,2024-12-26 06:30,5274,0.0,332,completed,2024-12-26,2024-12-26
409,8,4,1,2,2024-12-29 16:37,2024-12-29 17:30,3185,0.0,328,completed,2024-12-29,2024-12-29
410,8,5,2,1,2024-12-31 13:52,2024-12-31 14:32,2437,0.6,432,completed,2024-12-31,2024-12-31
411,9,5,3,3,2024-10-02 13:41,2024-10-02 14:40,3560,0.7,353,completed,2024-10-02,2024-10-02
412,9,1,2,2,2024-10-09 14:37,2024-10-09 15:46,4192,8.1,270,completed,2024-10-09,2024-10-09
413,9,5,2,1,2024-10-09 10:24,2024-10-09 11:16,3175,0.8,639,completed,2024-10-09,2024-10-09
414,9,4,3,3,2024-10-10 06:08,2024-10-10 07:20,4332,0.0,613,completed,2024-10-10,2024-10-10
415,9,3,1,3,2024-10-11 11:04,2024-10-11 12:07,3832,13.7,259,completed,2024-10-11,2024-10-11
416,9,2,3,2,2024-10-13 13:34,2024-10-13 14:53,4789,3.5,678,completed,2024-10-13,2024-10-13
417,9,5,1,1,2024-10-14 05:18,2024-10-14 06:15,3473,1.5,581,completed,2024-10-14,2024-10-14
418,9,5,1,1,2024-10-17 09:26,2024-10-17 10:38,4331,1.4,235,completed,2024-10-17,2024-10-17
419,9,3,2,2,2024-10-18 11:01,2024-10-18 12:13,4357,19.1,307,completed,2024-10-18,2024-10-18
420,9,3,1,2,2024-10-19 07:03,2024-10-19 08:26,4988,16.6,651,completed,2024-10-19,2024-10-19
421,9,5,2,1,2024-10-20 13:38,2024-10-20 15:01,5021,0.9,442,completed,2024-10-20,2024-10-20
422,9,1,1,2,2024-10-22 17:24,2024-10-22 18:03,2371,9.2,506,completed,2024-10-22,2024-10-22
423,9,5,2,2,2024-10-23 10:08,2024-10-23 11:26,4714,0.9,536,completed,2024-10-23,2024-10-23
424,9,3,3,1,2024-10-23 10:57,2024-10-23 12:04,4048,14.3,558,completed,2024-10-23,2024-10-23
425,9,1,2,2,2024-10-23 13:09,2024-10-23 13:39,1806,7.6,686,completed,2024-10-23,2024-10-23
426,9,5,1,1,2024-10-24 12:39,2024-10-24 14:08,5395,1.0,625,completed,2024-10-24,2024-10-24
427,9,4,2,1,2024-10-28 14:49,2024-10-28 16:09,4814,0.0,570,completed,2024-10-28,2024-10-28
428,9,2,1,2,2024-11-01 10:09,2024-11-01 11:30,4870,3.3,224,completed,2024-11-01,2024-11-01
429,9,2,2,3,2024-11-01 12:35,2024-11-01 13:49,4461,3.4,397,completed,2024-11-01,2024-11-01
430,9,1,3,3,2024-11-02 18:58,2024-11-02 19:28,1803,9.2,196,completed,2024-11-02,2024-11-02
431,9,2,3,1,2024-11-06 16:24,2024-11-06 17:30,3990,2.6,517,completed,2024-11-06,2024-11-06
432,9,5,2,1,2024-11-07 13:31,2024-11-07 14:52,4868,1.4,397,completed,2024-11-07,2024-11-07
433,9,4,3,2,2024-11-08 17:03,2024-11-08 17:34,1918,0.0,204,completed,2024-11-08,2024-11-08
434,9,2,2,2,2024-11-09 12:11,2024-11-09 12:45,2057,2.6,578,completed,2024-11-09,2024-11-09
435,9,5,1,2,2024-11-10 07:15,2024-11-10 08:06,3119,0.5,407,completed,2024-11-10,2024-11-10
436,9,3,1,3,2024-11-12 17:34,2024-11-12 18:54,4826,13.8,470,completed,2024-11-12,2024-11-12
437,9,4,3,2,2024-11-13 08:07,2024-11-13 08:44,2221,0.0,677,completed,2024-11-13,2024-11-13
438,9,2,3,1,2024-11-16 05:49,2024-11-16 06:39,3014,2.4,432,completed,2024-11-16,2024-11-16
439,9,4,3,3,2024-11-21 13:22,2024-11-21 13:54,1939,0.0,323,completed,2024-11-21,2024-11-21
440,9,4,2,3,2024-11-21 11:28,2024-11-21 12:45,4641,0.0,184,completed,2024-11-21,2024-11-21
441,9,3,3,2,2024-11-23 05:57,2024-11-23 07:19,4969,24.6,240,completed,2024-11-23,2024-11-23
442,9,5,3,2,2024-11-23 12:10,2024-11-23 13:06,3408,1.4,255,completed,2024-11-23,2024-11-23
443,9,3,2,2,2024-11-23 10:53,2024-11-23 11:52,3591,17.9,284,completed,2024-11-23,2024-11-23
444,9,1,1,3,2024-11-28 06:47,2024-11-28 08:05,4691,9.6,561,completed,2024-11-28,2024-11-28
445,9,3,2,2,2024-11-29 13:31,2024-11-29 14:24,3217,13.0,237,completed,2024-11-29,2024-11-29
446,9,5,3,2,2024-11-30 14:06,2024-11-30 15:09,3801,0.6,329,completed,2024-11-30,2024-11-30
447,9,2,2,3,2024-12-01 08:47,2024-12-01 10:06,4770,3.4,283,completed,2024-12-01,2024-12-01
448,9,4,1,3,2024-12-01 13:20,2024-12-01 13:54,2068,0.0,189,completed,2024-12-01,2024-12-01
449,9,2,2,1,2024-12-04 11:12,2024-12-04 12:01,2974,3.9,204,completed,2024-12-04,2024-12-04
450,9,1,3,2,2024-12-06 08:23,2024-12-06 09:50,5233,8.8,374,completed,2024-12-06,2024-12-06
451,9,1,2,2,2024-12-09 12:12,2024-12-09 13:28,4597,6.2,506,completed,2024-12-09,2024-12-09
452,9,4,2,1,2024-12-11 17:04,2024-12-11 17:49,2717,0.0,457,completed,2024-12-11,2024-12-11
453,9,3,3,1,2024-12-13 11:36,2024-12-13 12:14,2298,15.2,608,completed,2024-12-13,2024-12-13
454,9,1,3,1,2024-12-16 16:46,2024-12-16 18:08,4955,6.7,516,completed,2024-12-16,2024-12-16
455,9,3,2,3,2024-12-17 12:39,2024-12-17 13:39,3652,23.8,413,completed,2024-12-17,2024-12-17
456,9,2,1,1,2024-12-18 05:26,2024-12-18 06:33,4049,2.9,325,completed,2024-12-18,2024-12-18
457,9,5,3,3,2024-12-19 12:59,2024-12-19 13:56,3458,0.5,245,completed,2024-12-19,2024-12-19
458,9,2,2,3,2024-12-20 13:53,2024-12-20 14:59,3998,2.2,442,completed,2024-12-20,2024-12-20
459,9,1,3,3,2024-12-22 09:30,2024-12-22 10:34,3869,5.4,265,completed,2024-12-22,2024-12-22
460,9,2,1,3,2024-12-22 13:39,2024-12-22 14:53,4450,2.5,366,completed,2024-12-22,2024-12-22
461,9,1,2,1,2024-12-24 12:05,2024-12-24 13:29,5099,5.5,450,completed,2024-12-24,2024-12-24
462,9,5,1,3,2024-12-28 17:18,2024-12-28 18:34,4573,0.9,321,completed,2024-12-28,2024-12-28
463,10,1,3,1,2024-10-02 08:55,2024-10-02 09:43,2894,9.1,545,completed,2024-10-02,2024-10-02
464,10,5,2,3,2024-10-02 13:16,2024-10-02 14:04,2915,1.4,498,completed,2024-10-02,2024-10-02
465,10,4,3,1,2024-10-04 05:05,2024-10-04 06:00,3358,0.0,268,completed,2024-10-04,2024-10-04
466,10,5,3,1,2024-10-04 06:35,2024-10-04 07:24,2999,0.8,273,completed,2024-10-04,2024-10-04
467,10,4,3,3,2024-10-05 05:49,2024-10-05 06:46,3445,0.0,363,completed,2024-10-05,2024-10-05
468,10,3,1,3,2024-10-07 17:58,2024-10-07 18:39,2479,15.5,240,completed,2024-10-07,2024-10-07
469,10,5,1,2,2024-10-07 11:13,2024-10-07 12:02,2988,0.8,356,completed,2024-10-07,2024-10-07
470,10,2,2,3,2024-10-09 07:45,2024-10-09 08:56,4303,2.5,534,completed,2024-10-09,2024-10-09
471,10,2,2,2,2024-10-10 11:17,2024-10-10 12:39,4975,2.4,448,completed,2024-10-10,2024-10-10
472,10,1,1,3,2024-10-12 10:46,2024-10-12 11:26,2430,9.3,392,completed,2024-10-12,2024-10-12
473,10,5,2,1,2024-10-13 16:07,2024-10-13 16:58,3078,0.8,448,completed,2024-10-13,2024-10-13
474,10,1,2,3,2024-10-14 16:37,2024-10-14 17:34,3421,8.2,531,completed,2024-10-14,2024-10-14
475,10,2,2,3,2024-10-15 09:23,2024-10-15 10:24,3697,3.1,569,completed,2024-10-15,2024-10-15
476,10,3,2,1,2024-10-16 05:20,2024-10-16 06:47,5253,20.0,689,completed,2024-10-16,2024-10-16
477,10,1,2,3,2024-10-16 07:14,2024-10-16 08:00,2815,7.0,618,completed,2024-10-16,2024-10-16
478,10,5,3,1,2024-10-18 15:30,2024-10-18 16:47,4673,0.9,611,completed,2024-10-18,2024-10-18
479,10,5,1,2,2024-10-18 07:41,2024-10-18 08:54,4412,0.8,373,completed,2024-10-18,2024-10-18
480,10,4,3,3,2024-10-18 10:10,2024-10-18 11:14,3855,0.0,209,completed,2024-10-18,2024-10-18
481,10,2,3,1,2024-10-19 18:14,2024-10-19 18:45,1888,3.7,577,completed,2024-10-19,2024-10-19
482,10,2,3,2,2024-10-22 05:51,2024-10-22 07:08,4674,2.6,167,completed,2024-10-22,2024-10-22
483,10,1,1,1,2024-10-23 17:31,2024-10-23 18:13,2553,6.0,513,completed,2024-10-23,2024-10-23
484,10,4,3,1,2024-11-02 07:14,2024-11-02 08:19,3919,0.0,272,completed,2024-11-02,2024-11-02
485,10,2,3,2,2024-11-03 08:35,2024-11-03 10:00,5139,3.0,610,completed,2024-11-03,2024-11-03
486,10,1,3,1,2024-11-04 15:02,2024-11-04 16:05,3790,9.3,267,completed,2024-11-04,2024-11-04
487,10,4,2,1,2024-11-05 15:58,2024-11-05 17:10,4348,0.0,376,completed,2024-11-05,2024-11-05
488,10,4,3,3,2024-11-07 09:36,2024-11-07 10:32,3381,0.0,659,completed,2024-11-07,2024-11-07
489,10,5,3,3,2024-11-08 10:17,2024-11-08 10:56,2345,0.8,190,completed,2024-11-08,2024-11-08
490,10,3,1,2,2024-11-11 09:45,2024-11-11 10:15,1823,21.0,250,completed,2024-11-11,2024-11-11
491,10,5,3,2,2024-11-15 06:11,2024-11-15 07:22,4310,0.6,224,completed,2024-11-15,2024-11-15
492,10,1,1,1,2024-11-16 13:07,2024-11-16 13:48,2476,8.6,464,completed,2024-11-16,2024-11-16
493,10,5,2,1,2024-11-18 17:08,2024-11-18 17:47,2354,0.5,610,completed,2024-11-18,2024-11-18
494,10,3,3,2,2024-11-19 07:31,2024-11-19 08:32,3671,14.8,642,completed,2024-11-19,2024-11-19
495,10,3,3,3,2024-11-19 18:11,2024-11-19 18:47,2203,16.5,484,completed,2024-11-19,2024-11-19
496,10,3,1,2,2024-11-20 07:37,2024-11-20 08:38,3676,24.9,235,completed,2024-11-20,2024-11-20
497,10,3,1,2,2024-11-26 07:35,2024-11-26 08:53,4696,18.9,301,completed,2024-11-26,2024-11-26
498,10,1,2,3,2024-11-27 13:20,2024-11-27 14:42,4922,7.6,379,completed,2024-11-27,2024-11-27
499,10,3,3,1,2024-12-01 07:56,2024-12-01 08:31,2123,13.6,576,completed,2024-12-01,2024-12-01
500,10,4,2,2,2024-12-04 05:56,2024-12-04 06:28,1921,0.0,395,completed,2024-12-04,2024-12-04
501,10,1,3,3,2024-12-08 13:34,2024-12-08 14:08,2046,8.0,220,completed,2024-12-08,2024-12-08
502,10,2,1,3,2024-12-09 13:19,2024-12-09 13:50,1917,2.8,506,completed,2024-12-09,2024-12-09
503,10,4,1,2,2024-12-13 12:30,2024-12-13 13:13,2614,0.0,676,completed,2024-12-13,2024-12-13
504,10,2,3,1,2024-12-17 16:27,2024-12-17 17:45,4721,3.5,351,completed,2024-12-17,2024-12-17
505,10,1,1,3,2024-12-17 11:41,2024-12-17 12:13,1967,5.2,341,completed,2024-12-17,2024-12-17
506,10,5,2,1,2024-12-24 12:13,2024-12-24 13:15,3764,1.2,462,completed,2024-12-24,2024-12-24
507,10,1,1,3,2024-12-25 05:37,2024-12-25 06:46,4161,6.4,381,completed,2024-12-25,2024-12-25
508,10,3,3,3,2024-12-26 08:49,2024-12-26 09:28,2369,21.6,541,completed,2024-12-26,2024-12-26
509,10,5,3,1,2024-12-26 10:19,2024-12-26 11:33,4476,0.7,654,completed,2024-12-26,2024-12-26
510,10,2,2,1,2024-12-27 05:30,2024-12-27 06:47,4641,2.5,348,completed,2024-12-27,2024-12-27
511,10,4,1,2,2024-12-28 12:34,2024-12-28 13:59,5125,0.0,318,completed,2024-12-28,2024-12-28
512,10,5,3,1,2024-12-30 10:37,2024-12-30 11:19,2532,1.0,462,completed,2024-12-30,2024-12-30
513,10,2,2,1,2024-12-31 05:49,2024-12-31 07:00,4264,3.9,647,completed,2024-12-31,2024-12-31
514,10,1,1,3,2024-12-31 14:36,2024-12-31 15:34,3529,7.1,563,completed,2024-12-31,2024-12-31
515,10,3,2,2,2024-12-31 12:35,2024-12-31 14:00,5156,15.0,307,completed,2024-12-31,2024-12-31
516,11,2,1,1,2024-10-01 13:49,2024-10-01 15:18,5340,3.8,653,completed,2024-10-01,2024-10-01
517,11,1,2,1,2024-10-04 05:25,2024-10-04 06:12,2877,8.6,374,completed,2024-10-04,2024-10-04
518,11,1,2,1,2024-10-04 18:52,2024-10-04 19:47,3350,6.4,253,completed,2024-10-04,2024-10-04
519,11,3,1,1,2024-10-04 12:01,2024-10-04 12:50,2947,22.8,302,completed,2024-10-04,2024-10-04
520,11,4,2,3,2024-10-06 10:13,2024-10-06 11:16,3794,0.0,431,completed,2024-10-06,2024-10-06
521,11,2,1,2,2024-10-06 16:19,2024-10-06 17:19,3630,2.8,177,completed,2024-10-06,2024-10-06
522,11,1,3,2,2024-10-09 16:02,2024-10-09 16:45,2621,5.8,472,completed,2024-10-09,2024-10-09
523,11,3,2,1,2024-10-09 15:08,2024-10-09 16:02,3245,23.8,279,completed,2024-10-09,2024-10-09
524,11,1,3,1,2024-10-10 12:50,2024-10-10 13:52,3735,5.9,355,completed,2024-10-10,2024-10-10
525,11,3,3,1,2024-10-12 14:00,2024-10-12 14:48,2911,12.2,317,completed,2024-10-12,2024-10-12
526,11,4,2,3,2024-10-17 17:40,2024-10-17 18:17,2278,0.0,413,completed,2024-10-17,2024-10-17
527,11,2,3,1,2024-10-18 06:46,2024-10-18 07:45,3567,3.7,576,completed,2024-10-18,2024-10-18
528,11,1,1,2,2024-10-18 15:10,2024-10-18 16:25,4531,5.5,182,completed,2024-10-18,2024-10-18
529,11,5,3,1,2024-10-19 08:15,2024-10-19 09:24,4185,0.6,510,completed,2024-10-19,2024-10-19
530,11,5,2,2,2024-10-20 08:26,2024-10-20 09:10,2660,0.6,241,completed,2024-10-20,2024-10-20
531,11,5,3,3,2024-10-20 13:04,2024-10-20 13:43,2374,0.5,620,completed,2024-10-20,2024-10-20
532,11,4,3,2,2024-10-20 12:38,2024-10-20 13:18,2437,0.0,345,completed,2024-10-20,2024-10-20
533,11,4,3,3,2024-10-20 12:50,2024-10-20 14:05,4539,0.0,227,completed,2024-10-20,2024-10-20
534,11,2,1,2,2024-10-25 08:29,2024-10-25 09:39,4250,3.4,611,completed,2024-10-25,2024-10-25
535,11,1,2,3,2024-10-26 07:37,2024-10-26 08:39,3731,8.2,411,completed,2024-10-26,2024-10-26
536,11,3,1,2,2024-10-28 12:15,2024-10-28 13:25,4202,16.1,214,completed,2024-10-28,2024-10-28
537,11,1,3,1,2024-10-28 14:25,2024-10-28 15:42,4655,8.5,285,completed,2024-10-28,2024-10-28
538,11,1,1,2,2024-10-31 07:49,2024-10-31 09:12,4982,6.7,372,completed,2024-10-31,2024-10-31
539,11,1,1,2,2024-11-02 16:33,2024-11-02 17:18,2702,6.0,297,completed,2024-11-02,2024-11-02
540,11,2,1,3,2024-11-02 17:47,2024-11-02 18:21,2065,2.3,434,completed,2024-11-02,2024-11-02
541,11,3,2,3,2024-11-05 09:41,2024-11-05 11:04,5005,21.9,366,completed,2024-11-05,2024-11-05
542,11,5,2,3,2024-11-10 13:56,2024-11-10 15:01,3947,1.2,446,completed,2024-11-10,2024-11-10
543,11,1,3,1,2024-11-10 14:51,2024-11-10 15:54,3809,7.6,291,completed,2024-11-10,2024-11-10
544,11,5,2,2,2024-11-16 17:39,2024-11-16 18:16,2231,0.8,311,completed,2024-11-16,2024-11-16
545,11,1,1,1,2024-11-16 14:33,2024-11-16 15:40,4051,8.3,489,completed,2024-11-16,2024-11-16
546,11,4,2,3,2024-11-17 06:24,2024-11-17 07:43,4799,0.0,368,completed,2024-11-17,2024-11-17
547,11,2,3,2,2024-11-17 15:27,2024-11-17 16:01,2076,3.7,194,completed,2024-11-17,2024-11-17
548,11,1,1,1,2024-11-18 09:40,2024-11-18 11:06,5162,9.9,462,completed,2024-11-18,2024-11-18
549,11,2,1,2,2024-11-18 18:47,2024-11-18 20:04,4658,2.4,658,completed,2024-11-18,2024-11-18
550,11,1,1,2,2024-11-22 17:39,2024-11-22 18:41,3740,8.7,211,completed,2024-11-22,2024-11-22
551,11,3,2,2,2024-11-24 06:44,2024-11-24 08:08,5059,12.8,502,completed,2024-11-24,2024-11-24
552,11,3,3,3,2024-11-25 13:42,2024-11-25 15:04,4939,23.9,200,completed,2024-11-25,2024-11-25
553,11,4,2,1,2024-11-25 17:19,2024-11-25 18:43,5092,0.0,379,completed,2024-11-25,2024-11-25
554,11,1,1,2,2024-11-28 10:32,2024-11-28 11:18,2784,9.6,542,completed,2024-11-28,2024-11-28
555,11,4,1,2,2024-11-28 18:16,2024-11-28 18:49,1981,0.0,326,completed,2024-11-28,2024-11-28
556,11,1,2,2,2024-11-29 06:37,2024-11-29 07:26,2979,6.1,449,completed,2024-11-29,2024-11-29
557,11,4,1,3,2024-11-30 10:45,2024-11-30 11:18,2000,0.0,411,completed,2024-11-30,2024-11-30
558,11,1,1,2,2024-12-03 11:25,2024-12-03 12:23,3504,9.9,445,completed,2024-12-03,2024-12-03
559,11,4,3,2,2024-12-03 14:59,2024-12-03 15:32,2039,0.0,345,completed,2024-12-03,2024-12-03
560,11,2,2,3,2024-12-06 08:35,2024-12-06 09:52,4649,3.3,291,completed,2024-12-06,2024-12-06
561,11,2,1,1,2024-12-08 07:16,2024-12-08 08:24,4090,3.1,421,completed,2024-12-08,2024-12-08
562,11,1,1,1,2024-12-09 09:12,2024-12-09 10:03,3067,9.0,427,completed,2024-12-09,2024-12-09
563,11,1,2,1,2024-12-09 15:50,2024-12-09 17:01,4317,7.0,560,completed,2024-12-09,2024-12-09
564,11,3,1,2,2024-12-10 11:04,2024-12-10 12:32,5293,17.2,305,completed,2024-12-10,2024-12-10
565,11,1,1,1,2024-12-10 16:30,2024-12-10 17:32,3743,5.3,170,completed,2024-12-10,2024-12-10
566,11,4,3,2,2024-12-12 12:46,2024-12-12 13:43,3421,0.0,436,completed,2024-12-12,2024-12-12
567,11,2,3,2,2024-12-12 13:31,2024-12-12 14:13,2579,3.4,306,completed,2024-12-12,2024-12-12
568,11,5,1,2,2024-12-12 17:23,2024-12-12 18:23,3610,0.6,392,completed,2024-12-12,2024-12-12
569,11,4,2,3,2024-12-13 08:29,2024-12-13 09:45,4614,0.0,418,completed,2024-12-13,2024-12-13
570,11,5,3,1,2024-12-13 09:08,2024-12-13 10:25,4671,0.8,177,completed,2024-12-13,2024-12-13
571,11,5,2,1,2024-12-17 16:02,2024-12-17 17:21,4740,1.0,403,completed,2024-12-17,2024-12-17
572,11,2,3,3,2024-12-19 06:07,2024-12-19 07:16,4175,2.3,233,completed,2024-12-19,2024-12-19
573,11,5,2,3,2024-12-20 13:36,2024-12-20 14:38,3761,0.7,428,completed,2024-12-20,2024-12-20
574,11,3,2,1,2024-12-20 06:50,2024-12-20 07:26,2171,16.3,476,completed,2024-12-20,2024-12-20
575,11,4,1,3,2024-12-21 13:02,2024-12-21 14:06,3841,0.0,602,completed,2024-12-21,2024-12-21
576,11,4,1,3,2024-12-22 18:55,2024-12-22 19:58,3791,0.0,646,completed,2024-12-22,2024-12-22
577,11,5,3,3,2024-12-22 14:01,2024-12-22 15:23,4943,0.5,247,completed,2024-12-22,2024-12-22
578,11,3,3,2,2024-12-22 14:36,2024-12-22 15:16,2452,23.5,492,completed,2024-12-22,2024-12-22
579,11,2,1,1,2024-12-23 12:57,2024-12-23 14:03,3967,2.6,355,completed,2024-12-23,2024-12-23
580,11,4,2,2,2024-12-24 16:23,2024-12-24 17:51,5316,0.0,484,completed,2024-12-24,2024-12-24
581,11,2,3,1,2024-12-26 17:55,2024-12-26 18:25,1835,3.5,159,completed,2024-12-26,2024-12-26
582,11,4,3,2,2024-12-26 12:22,2024-12-26 13:24,3767,0.0,633,completed,2024-12-26,2024-12-26
583,11,1,3,1,2024-12-27 17:37,2024-12-27 18:26,2962,8.4,411,completed,2024-12-27,2024-12-27
584,11,1,1,1,2024-12-28 18:48,2024-12-28 19:36,2930,9.6,197,completed,2024-12-28,2024-12-28
585,11,2,1,1,2024-12-29 14:47,2024-12-29 16:15,5301,3.9,426,completed,2024-12-29,2024-12-29
586,11,3,3,1,2024-12-31 16:55,2024-12-31 17:59,3852,24.4,686,completed,2024-12-31,2024-12-31
587,12,1,1,2,2024-10-02 06:49,2024-10-02 07:20,1892,9.6,195,completed,2024-10-02,2024-10-02
588,12,5,2,2,2024-10-03 15:46,2024-10-03 16:32,2803,0.6,336,completed,2024-10-03,2024-10-03
589,12,2,3,2,2024-10-08 08:49,2024-10-08 10:08,4768,2.4,276,completed,2024-10-08,2024-10-08
590,12,3,3,3,2024-10-08 15:56,2024-10-08 17:12,4576,15.7,400,completed,2024-10-08,2024-10-08
591,12,2,1,1,2024-10-09 14:39,2024-10-09 15:52,4437,2.1,158,completed,2024-10-09,2024-10-09
592,12,2,1,3,2024-10-09 07:48,2024-10-09 09:08,4847,3.7,192,completed,2024-10-09,2024-10-09
593,12,3,2,3,2024-10-09 10:06,2024-10-09 10:56,3046,25.0,151,completed,2024-10-09,2024-10-09
594,12,2,1,3,2024-10-10 13:49,2024-10-10 15:03,4485,3.4,204,completed,2024-10-10,2024-10-10
595,12,1,2,3,2024-10-10 14:13,2024-10-10 15:10,3462,9.8,366,completed,2024-10-10,2024-10-10
596,12,2,2,1,2024-10-11 11:53,2024-10-11 12:39,2761,3.6,279,completed,2024-10-11,2024-10-11
597,12,2,2,3,2024-10-13 11:25,2024-10-13 12:31,4011,3.1,226,completed,2024-10-13,2024-10-13
598,12,4,3,3,2024-10-14 14:08,2024-10-14 15:14,3989,0.0,539,completed,2024-10-14,2024-10-14
599,12,5,3,3,2024-10-16 12:44,2024-10-16 13:25,2463,1.2,350,completed,2024-10-16,2024-10-16
600,12,5,1,1,2024-10-17 08:58,2024-10-17 10:06,4083,1.1,239,completed,2024-10-17,2024-10-17
601,12,2,2,1,2024-10-18 08:52,2024-10-18 09:31,2381,3.3,520,completed,2024-10-18,2024-10-18
602,12,3,2,1,2024-10-18 10:18,2024-10-18 10:48,1811,19.3,356,completed,2024-10-18,2024-10-18
603,12,1,3,2,2024-10-19 17:35,2024-10-19 18:27,3171,6.1,562,completed,2024-10-19,2024-10-19
604,12,5,2,3,2024-10-22 13:16,2024-10-22 13:46,1850,1.0,304,completed,2024-10-22,2024-10-22
605,12,4,3,2,2024-10-22 13:55,2024-10-22 15:00,3935,0.0,563,completed,2024-10-22,2024-10-22
606,12,2,1,1,2024-10-23 06:05,2024-10-23 06:39,2064,2.1,197,completed,2024-10-23,2024-10-23
607,12,5,2,2,2024-10-25 17:54,2024-10-25 18:39,2733,0.7,594,completed,2024-10-25,2024-10-25
608,12,4,1,2,2024-10-28 15:59,2024-10-28 16:49,3023,0.0,194,completed,2024-10-28,2024-10-28
609,12,1,1,2,2024-10-31 17:05,2024-10-31 18:26,4885,8.4,377,completed,2024-10-31,2024-10-31
610,12,1,1,2,2024-11-02 05:56,2024-11-02 06:55,3553,5.6,240,completed,2024-11-02,2024-11-02
611,12,3,2,2,2024-11-02 08:23,2024-11-02 09:01,2288,23.3,221,completed,2024-11-02,2024-11-02
612,12,2,3,1,2024-11-02 11:17,2024-11-02 12:20,3816,2.6,301,completed,2024-11-02,2024-11-02
613,12,1,2,3,2024-11-02 09:54,2024-11-02 11:07,4408,5.6,367,completed,2024-11-02,2024-11-02
614,12,4,2,3,2024-11-02 13:28,2024-11-02 14:51,5014,0.0,660,completed,2024-11-02,2024-11-02
615,12,1,3,2,2024-11-03 09:25,2024-11-03 10:23,3537,6.5,581,completed,2024-11-03,2024-11-03
616,12,4,2,2,2024-11-07 08:05,2024-11-07 08:57,3159,0.0,619,completed,2024-11-07,2024-11-07
617,12,5,2,3,2024-11-08 11:13,2024-11-08 12:22,4178,1.1,377,completed,2024-11-08,2024-11-08
618,12,3,2,1,2024-11-10 14:35,2024-11-10 15:32,3466,20.1,188,completed,2024-11-10,2024-11-10
619,12,3,3,3,2024-11-10 06:46,2024-11-10 07:45,3566,20.0,528,completed,2024-11-10,2024-11-10
620,12,5,2,2,2024-11-10 14:10,2024-11-10 14:59,2990,0.6,276,completed,2024-11-10,2024-11-10
621,12,4,3,1,2024-11-13 10:03,2024-11-13 11:27,5051,0.0,178,completed,2024-11-13,2024-11-13
622,12,3,2,1,2024-11-13 18:44,2024-11-13 20:05,4879,21.1,515,completed,2024-11-13,2024-11-13
623,12,4,1,2,2024-11-16 08:05,2024-11-16 08:52,2822,0.0,206,completed,2024-11-16,2024-11-16
624,12,5,1,3,2024-11-17 07:58,2024-11-17 09:14,4589,1.4,694,completed,2024-11-17,2024-11-17
625,12,3,3,1,2024-11-20 11:06,2024-11-20 11:58,3159,19.8,270,completed,2024-11-20,2024-11-20
626,12,5,1,1,2024-11-24 17:36,2024-11-24 18:39,3797,0.7,516,completed,2024-11-24,2024-11-24
627,12,4,2,3,2024-11-27 06:54,2024-11-27 08:17,5014,0.0,249,completed,2024-11-27,2024-11-27
628,12,5,3,2,2024-11-27 13:54,2024-11-27 14:58,3867,0.5,459,completed,2024-11-27,2024-11-27
629,12,4,2,3,2024-11-28 05:15,2024-11-28 05:59,2664,0.0,267,completed,2024-11-28,2024-11-28
630,12,5,3,1,2024-11-28 17:58,2024-11-28 18:54,3367,1.3,525,completed,2024-11-28,2024-11-28
631,12,3,1,2,2024-11-30 13:17,2024-11-30 14:35,4725,14.3,633,completed,2024-11-30,2024-11-30
632,12,5,2,2,2024-12-02 10:31,2024-12-02 11:36,3959,1.0,557,completed,2024-12-02,2024-12-02
633,12,3,3,3,2024-12-03 15:38,2024-12-03 16:54,4619,21.3,347,completed,2024-12-03,2024-12-03
634,12,1,2,3,2024-12-08 13:28,2024-12-08 14:08,2406,7.6,349,completed,2024-12-08,2024-12-08
635,12,2,3,3,2024-12-08 17:08,2024-12-08 18:21,4387,3.1,549,completed,2024-12-08,2024-12-08
636,12,5,2,3,2024-12-09 14:37,2024-12-09 15:10,2038,1.3,185,completed,2024-12-09,2024-12-09
637,12,3,2,3,2024-12-11 14:13,2024-12-11 14:54,2476,16.0,383,completed,2024-12-11,2024-12-11
638,12,5,1,1,2024-12-11 07:56,2024-12-11 08:36,2425,0.6,296,completed,2024-12-11,2024-12-11
639,12,2,2,2,2024-12-13 17:11,2024-12-13 18:05,3254,3.3,383,completed,2024-12-13,2024-12-13
640,12,3,3,1,2024-12-15 14:32,2024-12-15 15:38,4005,23.3,352,completed,2024-12-15,2024-12-15
641,12,3,2,3,2024-12-16 18:59,2024-12-16 20:10,4295,14.2,644,completed,2024-12-16,2024-12-16
642,12,5,3,3,2024-12-20 18:36,2024-12-20 19:54,4695,1.3,327,completed,2024-12-20,2024-12-20
643,12,3,2,1,2024-12-30 15:11,2024-12-30 16:25,4476,22.9,189,completed,2024-12-30,2024-12-30
644,12,3,2,1,2024-12-31 14:51,2024-12-31 15:49,3534,16.5,403,completed,2024-12-31,2024-12-31
645,12,5,1,3,2024-12-31 08:57,2024-12-31 09:35,2337,1.4,460,completed,2024-12-31,2024-12-31
646,13,2,2,3,2024-10-01 05:11,2024-10-01 06:04,3238,3.5,271,completed,2024-10-01,2024-10-01
647,13,3,3,2,2024-10-03 12:57,2024-10-03 14:00,3783,14.0,214,completed,2024-10-03,2024-10-03
648,13,5,3,3,2024-10-06 17:09,2024-10-06 18:26,4620,1.1,183,completed,2024-10-06,2024-10-06
649,13,5,1,2,2024-10-07 17:25,2024-10-07 18:25,3649,0.5,522,completed,2024-10-07,2024-10-07
650,13,2,2,2,2024-10-10 17:19,2024-10-10 18:18,3587,3.1,158,completed,2024-10-10,2024-10-10
651,13,3,1,2,2024-10-11 05:22,2024-10-11 06:37,4511,23.7,608,completed,2024-10-11,2024-10-11
652,13,4,2,1,2024-10-12 06:17,2024-10-12 07:18,3675,0.0,601,completed,2024-10-12,2024-10-12
653,13,2,1,3,2024-10-17 14:48,2024-10-17 15:48,3647,2.8,494,completed,2024-10-17,2024-10-17
654,13,4,2,3,2024-10-17 14:03,2024-10-17 14:58,3354,0.0,505,completed,2024-10-17,2024-10-17
655,13,2,3,2,2024-10-19 07:12,2024-10-19 08:35,5002,2.4,436,completed,2024-10-19,2024-10-19
656,13,3,1,2,2024-10-20 05:56,2024-10-20 06:56,3625,13.3,678,completed,2024-10-20,2024-10-20
657,13,1,1,2,2024-10-20 09:08,2024-10-20 09:51,2603,6.9,622,completed,2024-10-20,2024-10-20
658,13,1,1,1,2024-10-22 09:36,2024-10-22 10:36,3611,7.6,519,completed,2024-10-22,2024-10-22
659,13,2,3,1,2024-10-24 06:45,2024-10-24 07:33,2901,3.4,468,completed,2024-10-24,2024-10-24
660,13,5,2,3,2024-11-01 18:29,2024-11-01 19:29,3627,1.3,352,completed,2024-11-01,2024-11-01
661,13,2,3,1,2024-11-07 06:06,2024-11-07 07:15,4160,3.1,519,completed,2024-11-07,2024-11-07
662,13,1,2,2,2024-11-11 15:17,2024-11-11 16:11,3272,9.7,450,completed,2024-11-11,2024-11-11
663,13,4,3,2,2024-11-12 05:11,2024-11-12 06:11,3626,0.0,382,completed,2024-11-12,2024-11-12
664,13,5,3,1,2024-11-13 14:04,2024-11-13 14:47,2639,1.4,481,completed,2024-11-13,2024-11-13
665,13,3,2,2,2024-11-14 18:42,2024-11-14 19:55,4407,14.8,328,completed,2024-11-14,2024-11-14
666,13,4,3,2,2024-11-17 07:45,2024-11-17 08:33,2902,0.0,572,completed,2024-11-17,2024-11-17
667,13,1,1,2,2024-11-18 13:15,2024-11-18 13:53,2281,9.3,609,completed,2024-11-18,2024-11-18
668,13,5,1,3,2024-11-21 18:15,2024-11-21 19:23,4082,1.4,460,completed,2024-11-21,2024-11-21
669,13,2,1,1,2024-11-25 06:28,2024-11-25 07:03,2146,4.0,587,completed,2024-11-25,2024-11-25
670,13,5,1,1,2024-11-25 14:29,2024-11-25 15:45,4571,1.1,189,completed,2024-11-25,2024-11-25
671,13,1,2,3,2024-11-25 09:20,2024-11-25 09:52,1922,6.9,347,completed,2024-11-25,2024-11-25
672,13,2,1,1,2024-11-25 11:59,2024-11-25 13:12,4404,3.9,243,completed,2024-11-25,2024-11-25
673,13,4,3,1,2024-11-26 14:47,2024-11-26 16:12,5144,0.0,202,completed,2024-11-26,2024-11-26
674,13,4,1,3,2024-11-28 17:20,2024-11-28 18:01,2463,0.0,374,completed,2024-11-28,2024-11-28
675,13,2,1,3,2024-11-30 05:49,2024-11-30 06:25,2186,3.7,602,completed,2024-11-30,2024-11-30
676,13,5,2,3,2024-11-30 16:18,2024-11-30 17:36,4726,1.1,599,completed,2024-11-30,2024-11-30
677,13,3,2,1,2024-11-30 18:00,2024-11-30 18:40,2452,21.5,271,completed,2024-11-30,2024-11-30
678,13,2,1,3,2024-12-01 13:37,2024-12-01 14:16,2341,2.7,482,completed,2024-12-01,2024-12-01
679,13,2,2,3,2024-12-01 17:36,2024-12-01 18:48,4350,2.6,555,completed,2024-12-01,2024-12-01
680,13,5,1,3,2024-12-02 07:03,2024-12-02 08:31,5337,1.3,203,completed,2024-12-02,2024-12-02
681,13,4,2,2,2024-12-03 08:43,2024-12-03 10:12,5355,0.0,462,completed,2024-12-03,2024-12-03
682,13,2,1,2,2024-12-04 07:01,2024-12-04 07:32,1917,3.5,580,completed,2024-12-04,2024-12-04
683,13,5,1,2,2024-12-05 13:16,2024-12-05 14:32,4592,1.4,479,completed,2024-12-05,2024-12-05
684,13,4,3,3,2024-12-06 16:32,2024-12-06 17:35,3828,0.0,434,completed,2024-12-06,2024-12-06
685,13,2,2,2,2024-12-07 05:39,2024-12-07 06:22,2581,2.9,590,completed,2024-12-07,2024-12-07
686,13,4,2,3,2024-12-08 15:03,2024-12-08 16:07,3860,0.0,453,completed,2024-12-08,2024-12-08
687,13,4,1,2,2024-12-10 10:28,2024-12-10 11:30,3720,0.0,489,completed,2024-12-10,2024-12-10
688,13,5,1,2,2024-12-12 10:53,2024-12-12 12:17,5053,1.0,457,completed,2024-12-12,2024-12-12
689,13,2,2,2,2024-12-13 09:21,2024-12-13 10:17,3382,2.4,311,completed,2024-12-13,2024-12-13
690,13,4,1,2,2024-12-15 13:56,2024-12-15 15:09,4400,0.0,266,completed,2024-12-15,2024-12-15
691,13,3,2,2,2024-12-15 18:56,2024-12-15 19:31,2131,21.8,241,completed,2024-12-15,2024-12-15
692,13,2,1,1,2024-12-15 12:49,2024-12-15 14:13,5076,3.6,305,completed,2024-12-15,2024-12-15
693,13,2,3,2,2024-12-16 08:28,2024-12-16 09:34,4017,2.6,156,completed,2024-12-16,2024-12-16
694,13,1,3,1,2024-12-17 06:01,2024-12-17 06:55,3256,7.5,233,completed,2024-12-17,2024-12-17
695,13,2,2,1,2024-12-21 18:15,2024-12-21 19:28,4383,2.4,548,completed,2024-12-21,2024-12-21
696,13,5,1,1,2024-12-24 12:31,2024-12-24 13:40,4188,0.6,608,completed,2024-12-24,2024-12-24
697,13,1,1,3,2024-12-25 17:24,2024-12-25 18:40,4618,8.9,152,completed,2024-12-25,2024-12-25
698,13,5,2,1,2024-12-27 12:27,2024-12-27 13:01,2099,1.0,280,completed,2024-12-27,2024-12-27
699,13,3,3,3,2024-12-28 17:21,2024-12-28 18:19,3480,24.0,418,completed,2024-12-28,2024-12-28
700,13,2,1,1,2024-12-29 05:49,2024-12-29 06:32,2621,3.6,444,completed,2024-12-29,2024-12-29
701,13,3,2,3,2024-12-30 10:00,2024-12-30 10:59,3553,12.6,172,completed,2024-12-30,2024-12-30
702,14,1,2,1,2024-10-01 18:21,2024-10-01 19:23,3758,6.5,698,completed,2024-10-01,2024-10-01
703,14,2,3,1,2024-10-07 18:16,2024-10-07 18:59,2596,3.8,266,completed,2024-10-07,2024-10-07
704,14,2,3,3,2024-10-09 07:48,2024-10-09 09:11,5021,3.9,614,completed,2024-10-09,2024-10-09
705,14,3,1,3,2024-10-14 18:02,2024-10-14 19:02,3631,19.3,209,completed,2024-10-14,2024-10-14
706,14,5,3,1,2024-10-17 06:59,2024-10-17 07:58,3569,0.7,312,completed,2024-10-17,2024-10-17
707,14,1,3,3,2024-10-19 06:49,2024-10-19 07:56,4026,7.5,456,completed,2024-10-19,2024-10-19
708,14,1,3,2,2024-10-20 11:31,2024-10-20 12:37,3981,8.3,521,completed,2024-10-20,2024-10-20
709,14,2,1,1,2024-10-20 05:58,2024-10-20 06:31,2014,2.7,315,completed,2024-10-20,2024-10-20
710,14,1,3,2,2024-10-21 16:29,2024-10-21 17:26,3470,5.3,310,completed,2024-10-21,2024-10-21
711,14,4,3,2,2024-10-21 14:28,2024-10-21 15:16,2904,0.0,234,completed,2024-10-21,2024-10-21
712,14,4,1,2,2024-10-21 17:59,2024-10-21 18:34,2100,0.0,506,completed,2024-10-21,2024-10-21
713,14,4,2,2,2024-10-22 06:16,2024-10-22 06:46,1852,0.0,659,completed,2024-10-22,2024-10-22
714,14,5,1,3,2024-10-23 17:53,2024-10-23 19:04,4310,1.0,227,completed,2024-10-23,2024-10-23
715,14,2,3,1,2024-10-25 05:21,2024-10-25 06:49,5305,2.0,594,completed,2024-10-25,2024-10-25
716,14,5,2,2,2024-10-25 14:44,2024-10-25 16:06,4962,1.3,287,completed,2024-10-25,2024-10-25
717,14,1,2,2,2024-10-31 13:31,2024-10-31 14:56,5110,8.3,271,completed,2024-10-31,2024-10-31
718,14,2,1,3,2024-11-01 07:41,2024-11-01 09:06,5151,2.2,217,completed,2024-11-01,2024-11-01
719,14,3,2,2,2024-11-04 09:14,2024-11-04 10:11,3451,14.3,189,completed,2024-11-04,2024-11-04
720,14,1,1,1,2024-11-09 13:20,2024-11-09 14:08,2933,9.1,475,completed,2024-11-09,2024-11-09
721,14,3,1,1,2024-11-19 10:51,2024-11-19 11:51,3644,15.8,203,completed,2024-11-19,2024-11-19
722,14,2,1,3,2024-11-22 14:47,2024-11-22 15:24,2234,2.6,470,completed,2024-11-22,2024-11-22
723,14,3,1,3,2024-11-24 18:41,2024-11-24 19:47,3971,20.8,485,completed,2024-11-24,2024-11-24
724,14,1,1,1,2024-11-24 10:58,2024-11-24 11:33,2151,8.9,507,completed,2024-11-24,2024-11-24
725,14,4,2,2,2024-11-24 05:16,2024-11-24 06:08,3178,0.0,671,completed,2024-11-24,2024-11-24
726,14,5,2,1,2024-11-25 06:40,2024-11-25 07:24,2654,0.9,234,completed,2024-11-25,2024-11-25
727,14,3,2,1,2024-11-25 15:00,2024-11-25 15:57,3456,24.9,657,completed,2024-11-25,2024-11-25
728,14,3,2,1,2024-11-28 08:38,2024-11-28 09:15,2240,18.5,592,completed,2024-11-28,2024-11-28
729,14,1,2,2,2024-11-29 06:21,2024-11-29 06:53,1958,8.5,506,completed,2024-11-29,2024-11-29
730,14,3,2,3,2024-12-01 15:00,2024-12-01 16:07,4041,15.6,461,completed,2024-12-01,2024-12-01
731,14,1,1,3,2024-12-02 12:19,2024-12-02 13:32,4382,7.6,532,completed,2024-12-02,2024-12-02
732,14,5,1,2,2024-12-06 10:51,2024-12-06 12:01,4208,0.5,679,completed,2024-12-06,2024-12-06
733,14,1,2,2,2024-12-06 17:23,2024-12-06 18:50,5245,8.9,275,completed,2024-12-06,2024-12-06
734,14,2,2,3,2024-12-06 09:18,2024-12-06 09:48,1816,3.0,234,completed,2024-12-06,2024-12-06
735,14,2,3,1,2024-12-07 13:41,2024-12-07 14:38,3462,3.0,548,completed,2024-12-07,2024-12-07
736,14,2,1,3,2024-12-11 09:49,2024-12-11 10:52,3785,2.8,596,completed,2024-12-11,2024-12-11
737,14,5,3,1,2024-12-11 16:34,2024-12-11 17:25,3105,0.6,595,completed,2024-12-11,2024-12-11
738,14,2,1,3,2024-12-12 14:11,2024-12-12 15:22,4266,2.1,481,completed,2024-12-12,2024-12-12
739,14,5,3,1,2024-12-12 13:42,2024-12-12 15:04,4958,1.4,609,completed,2024-12-12,2024-12-12
740,14,4,1,2,2024-12-14 06:54,2024-12-14 07:39,2722,0.0,645,completed,2024-12-14,2024-12-14
741,14,2,2,1,2024-12-14 18:56,2024-12-14 19:46,3016,3.1,432,completed,2024-12-14,2024-12-14
742,14,3,1,1,2024-12-15 11:46,2024-12-15 12:45,3565,13.5,513,completed,2024-12-15,2024-12-15
743,14,3,2,2,2024-12-15 07:29,2024-12-15 07:59,1814,14.3,293,completed,2024-12-15,2024-12-15
744,14,1,1,2,2024-12-18 05:01,2024-12-18 06:07,4000,7.4,252,completed,2024-12-18,2024-12-18
745,14,5,2,2,2024-12-19 11:52,2024-12-19 13:06,4457,1.0,381,completed,2024-12-19,2024-12-19
746,14,3,1,3,2024-12-19 08:19,2024-12-19 09:22,3834,13.1,532,completed,2024-12-19,2024-12-19
747,14,5,2,2,2024-12-21 16:46,2024-12-21 17:21,2101,0.9,393,completed,2024-12-21,2024-12-21
748,14,3,2,1,2024-12-21 16:13,2024-12-21 16:58,2732,21.8,659,completed,2024-12-21,2024-12-21
749,14,5,3,1,2024-12-22 07:09,2024-12-22 07:48,2389,1.0,682,completed,2024-12-22,2024-12-22
750,14,5,3,1,2024-12-22 11:34,2024-12-22 12:40,3974,1.5,559,completed,2024-12-22,2024-12-22
751,14,3,2,3,2024-12-22 15:45,2024-12-22 16:24,2364,23.9,383,completed,2024-12-22,2024-12-22
752,14,1,2,1,2024-12-24 07:43,2024-12-24 09:00,4670,6.7,672,completed,2024-12-24,2024-12-24
753,14,1,1,3,2024-12-27 14:28,2024-12-27 15:14,2771,8.5,509,completed,2024-12-27,2024-12-27
754,14,5,1,3,2024-12-28 05:54,2024-12-28 06:39,2702,1.5,151,completed,2024-12-28,2024-12-28
755,14,5,2,1,2024-12-30 14:44,2024-12-30 15:29,2712,1.5,411,completed,2024-12-30,2024-12-30
756,14,5,3,3,2024-12-31 06:21,2024-12-31 07:17,3371,0.6,506,completed,2024-12-31,2024-12-31
757,15,4,2,3,2024-10-01 05:22,2024-10-01 06:47,5154,0.0,652,completed,2024-10-01,2024-10-01
758,15,1,1,1,2024-10-01 12:36,2024-10-01 13:25,2994,9.2,694,completed,2024-10-01,2024-10-01
759,15,2,1,3,2024-10-02 17:10,2024-10-02 18:08,3496,3.6,255,completed,2024-10-02,2024-10-02
760,15,4,1,3,2024-10-05 18:18,2024-10-05 18:57,2394,0.0,266,completed,2024-10-05,2024-10-05
761,15,1,2,3,2024-10-07 10:25,2024-10-07 11:29,3875,8.8,381,completed,2024-10-07,2024-10-07
762,15,2,1,3,2024-10-09 09:30,2024-10-09 10:37,4043,4.0,677,completed,2024-10-09,2024-10-09
763,15,4,3,3,2024-10-13 10:42,2024-10-13 11:38,3418,0.0,286,completed,2024-10-13,2024-10-13
764,15,1,2,1,2024-10-18 17:28,2024-10-18 18:20,3126,5.5,358,completed,2024-10-18,2024-10-18
765,15,4,3,1,2024-10-19 14:04,2024-10-19 15:04,3629,0.0,600,completed,2024-10-19,2024-10-19
766,15,5,1,2,2024-10-22 05:32,2024-10-22 06:49,4642,1.2,349,completed,2024-10-22,2024-10-22
767,15,2,2,2,2024-10-22 15:58,2024-10-22 17:09,4317,2.9,271,completed,2024-10-22,2024-10-22
768,15,5,1,1,2024-10-25 07:30,2024-10-25 08:19,2994,1.1,256,completed,2024-10-25,2024-10-25
769,15,5,3,1,2024-10-25 13:44,2024-10-25 15:08,5085,1.4,466,completed,2024-10-25,2024-10-25
770,15,3,2,2,2024-10-27 10:58,2024-10-27 11:33,2137,13.1,584,completed,2024-10-27,2024-10-27
771,15,3,3,2,2024-10-28 13:07,2024-10-28 14:09,3747,23.0,608,completed,2024-10-28,2024-10-28
772,15,3,1,2,2024-10-28 09:12,2024-10-28 10:36,5042,20.4,162,completed,2024-10-28,2024-10-28
773,15,3,1,1,2024-10-28 09:30,2024-10-28 10:51,4911,12.4,465,completed,2024-10-28,2024-10-28
774,15,5,2,2,2024-10-28 10:40,2024-10-28 12:05,5139,1.5,610,completed,2024-10-28,2024-10-28
775,15,2,2,3,2024-10-29 12:31,2024-10-29 13:51,4820,3.9,356,completed,2024-10-29,2024-10-29
776,15,1,1,3,2024-10-29 13:06,2024-10-29 14:32,5181,8.0,389,completed,2024-10-29,2024-10-29
777,15,2,2,3,2024-10-31 12:33,2024-10-31 13:03,1839,2.9,261,completed,2024-10-31,2024-10-31
778,15,3,3,3,2024-11-01 18:46,2024-11-01 19:32,2783,12.4,529,completed,2024-11-01,2024-11-01
779,15,1,1,3,2024-11-08 11:05,2024-11-08 11:56,3073,8.3,590,completed,2024-11-08,2024-11-08
780,15,3,1,3,2024-11-08 05:44,2024-11-08 06:58,4465,16.0,554,completed,2024-11-08,2024-11-08
781,15,2,3,2,2024-11-09 10:30,2024-11-09 11:13,2581,2.9,545,completed,2024-11-09,2024-11-09
782,15,2,2,2,2024-11-14 06:19,2024-11-14 07:21,3745,3.0,460,completed,2024-11-14,2024-11-14
783,15,5,3,1,2024-11-22 15:06,2024-11-22 16:07,3695,1.0,676,completed,2024-11-22,2024-11-22
784,15,4,2,3,2024-11-25 10:22,2024-11-25 11:03,2485,0.0,637,completed,2024-11-25,2024-11-25
785,15,3,2,3,2024-11-25 15:23,2024-11-25 16:09,2815,17.7,250,completed,2024-11-25,2024-11-25
786,15,1,1,1,2024-11-26 15:02,2024-11-26 15:46,2641,9.4,421,completed,2024-11-26,2024-11-26
787,15,3,1,3,2024-11-26 07:34,2024-11-26 08:27,3211,13.2,317,completed,2024-11-26,2024-11-26
788,15,5,1,1,2024-11-30 17:39,2024-11-30 18:09,1825,1.2,251,completed,2024-11-30,2024-11-30
789,15,3,1,2,2024-11-30 12:41,2024-11-30 13:33,3120,23.5,440,completed,2024-11-30,2024-11-30
790,15,1,3,3,2024-12-05 12:38,2024-12-05 14:02,5092,9.8,428,completed,2024-12-05,2024-12-05
791,15,4,3,3,2024-12-06 07:53,2024-12-06 08:34,2471,0.0,550,completed,2024-12-06,2024-12-06
792,15,3,2,3,2024-12-08 05:46,2024-12-08 06:39,3233,15.9,568,completed,2024-12-08,2024-12-08
793,15,5,1,1,2024-12-12 08:07,2024-12-12 08:39,1953,0.6,631,completed,2024-12-12,2024-12-12
794,15,2,1,1,2024-12-14 09:25,2024-12-14 10:47,4975,3.0,331,completed,2024-12-14,2024-12-14
795,15,2,3,2,2024-12-14 07:02,2024-12-14 08:19,4653,3.9,671,completed,2024-12-14,2024-12-14
796,15,3,1,2,2024-12-15 10:52,2024-12-15 12:17,5140,23.3,524,completed,2024-12-15,2024-12-15
797,15,4,1,2,2024-12-15 17:15,2024-12-15 18:12,3438,0.0,459,completed,2024-12-15,2024-12-15
798,15,4,1,3,2024-12-17 08:05,2024-12-17 09:28,4996,0.0,260,completed,2024-12-17,2024-12-17
799,15,3,1,3,2024-12-19 10:14,2024-12-19 10:57,2606,14.8,314,completed,2024-12-19,2024-12-19
800,15,3,3,3,2024-12-22 17:57,2024-12-22 18:37,2407,13.7,685,completed,2024-12-22,2024-12-22
801,15,4,1,2,2024-12-23 18:14,2024-12-23 19:42,5299,0.0,425,completed,2024-12-23,2024-12-23
802,15,5,3,3,2024-12-27 10:23,2024-12-27 11:48,5144,0.7,240,completed,2024-12-27,2024-12-27
803,15,4,1,1,2024-12-27 12:29,2024-12-27 13:17,2898,0.0,536,completed,2024-12-27,2024-12-27
804,15,4,2,2,2024-12-27 07:05,2024-12-27 08:16,4284,0.0,266,completed,2024-12-27,2024-12-27
805,15,1,3,2,2024-12-29 07:21,2024-12-29 08:20,3553,6.8,341,completed,2024-12-29,2024-12-29
806,15,2,1,1,2024-12-31 18:16,2024-12-31 19:15,3563,2.1,173,completed,2024-12-31,2024-12-31
807,16,3,3,3,2024-10-01 17:48,2024-10-01 18:48,3659,22.4,558,completed,2024-10-01,2024-10-01
808,16,3,1,1,2024-10-01 09:07,2024-10-01 10:20,4430,24.9,222,completed,2024-10-01,2024-10-01
809,16,2,3,2,2024-10-06 05:02,2024-10-06 05:59,3432,2.2,618,completed,2024-10-06,2024-10-06
810,16,3,3,2,2024-10-09 13:27,2024-10-09 14:04,2237,12.2,482,completed,2024-10-09,2024-10-09
811,16,5,1,1,2024-10-10 13:08,2024-10-10 14:34,5189,1.4,250,completed,2024-10-10,2024-10-10
812,16,2,3,1,2024-10-11 07:13,2024-10-11 08:00,2840,3.9,273,completed,2024-10-11,2024-10-11
813,16,5,2,1,2024-10-13 14:18,2024-10-13 14:59,2470,1.3,646,completed,2024-10-13,2024-10-13
814,16,5,3,2,2024-10-15 08:30,2024-10-15 09:21,3089,1.2,541,completed,2024-10-15,2024-10-15
815,16,2,2,1,2024-10-17 10:33,2024-10-17 11:14,2485,2.5,590,completed,2024-10-17,2024-10-17
816,16,5,2,3,2024-10-19 11:48,2024-10-19 13:02,4485,1.2,451,completed,2024-10-19,2024-10-19
817,16,1,1,2,2024-10-21 17:07,2024-10-21 18:19,4366,9.6,324,completed,2024-10-21,2024-10-21
818,16,1,1,3,2024-10-25 15:19,2024-10-25 15:52,2021,9.4,676,completed,2024-10-25,2024-10-25
819,16,3,1,3,2024-10-28 09:31,2024-10-28 11:00,5395,23.9,183,completed,2024-10-28,2024-10-28
820,16,4,3,3,2024-10-29 13:17,2024-10-29 14:00,2636,0.0,612,completed,2024-10-29,2024-10-29
821,16,1,3,3,2024-10-30 09:34,2024-10-30 10:46,4330,7.0,178,completed,2024-10-30,2024-10-30
822,16,5,3,2,2024-10-31 08:58,2024-10-31 10:00,3722,0.8,623,completed,2024-10-31,2024-10-31
823,16,3,1,1,2024-11-06 08:14,2024-11-06 08:48,2087,21.3,318,completed,2024-11-06,2024-11-06
824,16,5,2,1,2024-11-07 12:11,2024-11-07 13:16,3909,0.6,356,completed,2024-11-07,2024-11-07
825,16,4,3,2,2024-11-09 12:01,2024-11-09 13:11,4254,0.0,330,completed,2024-11-09,2024-11-09
826,16,2,1,3,2024-11-09 18:58,2024-11-09 20:21,5012,2.6,560,completed,2024-11-09,2024-11-09
827,16,4,3,3,2024-11-11 12:29,2024-11-11 13:08,2350,0.0,331,completed,2024-11-11,2024-11-11
828,16,2,3,1,2024-11-11 10:11,2024-11-11 10:46,2106,2.1,227,completed,2024-11-11,2024-11-11
829,16,2,1,1,2024-11-12 17:18,2024-11-12 17:50,1947,2.4,646,completed,2024-11-12,2024-11-12
830,16,5,2,2,2024-11-13 07:49,2024-11-13 09:02,4386,1.4,290,completed,2024-11-13,2024-11-13
831,16,4,2,1,2024-11-13 17:17,2024-11-13 18:24,4061,0.0,249,completed,2024-11-13,2024-11-13
832,16,1,1,3,2024-11-14 15:33,2024-11-14 17:00,5227,9.3,161,completed,2024-11-14,2024-11-14
833,16,3,2,3,2024-11-16 09:57,2024-11-16 11:20,4992,21.8,259,completed,2024-11-16,2024-11-16
834,16,3,2,1,2024-11-19 10:56,2024-11-19 11:54,3480,19.5,677,completed,2024-11-19,2024-11-19
835,16,3,3,3,2024-11-20 06:28,2024-11-20 07:33,3911,21.5,473,completed,2024-11-20,2024-11-20
836,16,2,3,3,2024-11-21 18:26,2024-11-21 19:26,3601,2.9,478,completed,2024-11-21,2024-11-21
837,16,5,2,2,2024-11-23 12:03,2024-11-23 12:45,2573,1.2,195,completed,2024-11-23,2024-11-23
838,16,5,2,1,2024-11-25 06:41,2024-11-25 07:15,2042,0.9,545,completed,2024-11-25,2024-11-25
839,16,4,2,3,2024-11-25 17:17,2024-11-25 18:26,4199,0.0,217,completed,2024-11-25,2024-11-25
840,16,5,3,1,2024-11-27 12:16,2024-11-27 13:18,3720,0.7,614,completed,2024-11-27,2024-11-27
841,16,3,3,1,2024-11-27 15:32,2024-11-27 16:45,4414,21.2,164,completed,2024-11-27,2024-11-27
842,16,3,2,2,2024-11-29 11:06,2024-11-29 12:16,4209,17.2,232,completed,2024-11-29,2024-11-29
843,16,4,1,2,2024-12-01 15:37,2024-12-01 16:56,4772,0.0,564,completed,2024-12-01,2024-12-01
844,16,4,1,3,2024-12-02 10:45,2024-12-02 11:53,4109,0.0,386,completed,2024-12-02,2024-12-02
845,16,2,1,2,2024-12-04 18:07,2024-12-04 18:37,1828,2.3,530,completed,2024-12-04,2024-12-04
846,16,1,2,2,2024-12-06 14:08,2024-12-06 14:50,2555,6.0,349,completed,2024-12-06,2024-12-06
847,16,3,3,1,2024-12-09 07:16,2024-12-09 08:01,2723,12.5,302,completed,2024-12-09,2024-12-09
848,16,3,3,1,2024-12-10 06:01,2024-12-10 07:30,5349,24.7,548,completed,2024-12-10,2024-12-10
849,16,5,2,3,2024-12-10 16:02,2024-12-10 17:23,4866,0.9,592,completed,2024-12-10,2024-12-10
850,16,5,3,2,2024-12-11 10:07,2024-12-11 10:59,3144,1.3,383,completed,2024-12-11,2024-12-11
851,16,1,3,1,2024-12-13 16:40,2024-12-13 17:44,3868,7.3,152,completed,2024-12-13,2024-12-13
852,16,3,3,3,2024-12-15 11:09,2024-12-15 11:50,2483,21.4,577,completed,2024-12-15,2024-12-15
853,16,2,1,3,2024-12-16 16:55,2024-12-16 17:43,2902,2.7,310,completed,2024-12-16,2024-12-16
854,16,2,2,1,2024-12-17 05:05,2024-12-17 06:29,5048,2.2,489,completed,2024-12-17,2024-12-17
855,16,3,1,1,2024-12-17 14:02,2024-12-17 15:13,4294,15.8,612,completed,2024-12-17,2024-12-17
856,16,4,3,3,2024-12-19 17:17,2024-12-19 18:31,4472,0.0,474,completed,2024-12-19,2024-12-19
857,16,1,1,1,2024-12-25 11:58,2024-12-25 12:43,2755,8.8,330,completed,2024-12-25,2024-12-25
858,16,5,3,2,2024-12-25 18:20,2024-12-25 19:26,3964,1.5,580,completed,2024-12-25,2024-12-25
859,16,4,3,3,2024-12-28 12:37,2024-12-28 13:18,2503,0.0,263,completed,2024-12-28,2024-12-28
860,16,5,1,3,2024-12-28 05:09,2024-12-28 05:56,2842,1.0,303,completed,2024-12-28,2024-12-28
861,16,1,1,3,2024-12-28 05:39,2024-12-28 06:46,4072,8.2,377,completed,2024-12-28,2024-12-28
862,16,5,3,2,2024-12-29 17:02,2024-12-29 18:23,4912,0.8,519,completed,2024-12-29,2024-12-29
863,17,2,3,3,2024-10-02 17:51,2024-10-02 19:05,4470,3.3,336,completed,2024-10-02,2024-10-02
864,17,1,3,3,2024-10-02 09:00,2024-10-02 10:16,4587,7.7,318,completed,2024-10-02,2024-10-02
865,17,4,3,1,2024-10-06 12:11,2024-10-06 13:14,3827,0.0,474,completed,2024-10-06,2024-10-06
866,17,1,3,2,2024-10-09 05:43,2024-10-09 06:22,2370,7.5,341,completed,2024-10-09,2024-10-09
867,17,2,3,3,2024-10-09 18:43,2024-10-09 19:50,4053,3.8,267,completed,2024-10-09,2024-10-09
868,17,1,3,2,2024-10-10 17:24,2024-10-10 18:05,2469,9.5,472,completed,2024-10-10,2024-10-10
869,17,5,3,2,2024-10-15 11:51,2024-10-15 12:45,3289,1.4,577,completed,2024-10-15,2024-10-15
870,17,1,1,1,2024-10-16 14:27,2024-10-16 15:16,2996,5.3,439,completed,2024-10-16,2024-10-16
871,17,4,3,1,2024-10-19 09:27,2024-10-19 10:32,3904,0.0,566,completed,2024-10-19,2024-10-19
872,17,1,1,1,2024-10-20 06:54,2024-10-20 07:52,3485,5.2,162,completed,2024-10-20,2024-10-20
873,17,1,3,1,2024-10-26 06:56,2024-10-26 08:08,4335,9.4,560,completed,2024-10-26,2024-10-26
874,17,5,1,2,2024-10-27 10:33,2024-10-27 11:56,5022,0.8,174,completed,2024-10-27,2024-10-27
875,17,1,1,3,2024-11-05 05:03,2024-11-05 05:44,2469,7.5,455,completed,2024-11-05,2024-11-05
876,17,2,3,2,2024-11-08 12:48,2024-11-08 14:09,4872,3.0,367,completed,2024-11-08,2024-11-08
877,17,4,2,2,2024-11-10 06:17,2024-11-10 06:49,1951,0.0,293,completed,2024-11-10,2024-11-10
878,17,3,1,2,2024-11-11 06:09,2024-11-11 06:39,1835,24.5,195,completed,2024-11-11,2024-11-11
879,17,3,3,1,2024-11-11 09:11,2024-11-11 10:21,4239,15.2,328,completed,2024-11-11,2024-11-11
880,17,5,3,2,2024-11-16 10:23,2024-11-16 11:35,4363,0.5,490,completed,2024-11-16,2024-11-16
881,17,3,3,2,2024-11-19 14:09,2024-11-19 14:57,2895,18.4,578,completed,2024-11-19,2024-11-19
882,17,3,2,2,2024-11-21 11:45,2024-11-21 12:23,2310,23.3,695,completed,2024-11-21,2024-11-21
883,17,3,2,3,2024-11-21 06:12,2024-11-21 07:20,4098,23.4,335,completed,2024-11-21,2024-11-21
884,17,2,2,3,2024-11-23 14:38,2024-11-23 15:14,2198,2.8,355,completed,2024-11-23,2024-11-23
885,17,5,2,1,2024-11-26 17:56,2024-11-26 18:56,3652,0.7,211,completed,2024-11-26,2024-11-26
886,17,1,3,1,2024-11-27 14:58,2024-11-27 15:51,3215,7.7,315,completed,2024-11-27,2024-11-27
887,17,5,2,2,2024-11-28 05:52,2024-11-28 06:53,3697,1.0,560,completed,2024-11-28,2024-11-28
888,17,3,1,1,2024-11-29 15:46,2024-11-29 16:44,3488,15.1,422,completed,2024-11-29,2024-11-29
889,17,2,2,3,2024-11-29 06:24,2024-11-29 07:16,3139,2.1,298,completed,2024-11-29,2024-11-29
890,17,4,1,1,2024-12-02 18:12,2024-12-02 19:17,3926,0.0,424,completed,2024-12-02,2024-12-02
891,17,3,3,3,2024-12-02 15:46,2024-12-02 16:47,3668,13.1,513,completed,2024-12-02,2024-12-02
892,17,3,3,2,2024-12-02 14:15,2024-12-02 15:06,3069,19.3,338,completed,2024-12-02,2024-12-02
893,17,5,2,3,2024-12-03 10:46,2024-12-03 12:00,4466,1.1,539,completed,2024-12-03,2024-12-03
894,17,5,1,3,2024-12-07 17:34,2024-12-07 18:56,4921,1.1,466,completed,2024-12-07,2024-12-07
895,17,5,3,3,2024-12-10 16:04,2024-12-10 17:17,4396,0.9,259,completed,2024-12-10,2024-12-10
896,17,2,1,3,2024-12-12 05:23,2024-12-12 06:15,3125,2.8,528,completed,2024-12-12,2024-12-12
897,17,4,3,1,2024-12-12 09:54,2024-12-12 10:26,1968,0.0,679,completed,2024-12-12,2024-12-12
898,17,5,2,1,2024-12-17 16:07,2024-12-17 16:43,2163,1.1,434,completed,2024-12-17,2024-12-17
899,17,3,1,1,2024-12-20 06:22,2024-12-20 07:16,3249,13.5,514,completed,2024-12-20,2024-12-20
900,17,3,1,1,2024-12-20 14:53,2024-12-20 16:01,4118,15.6,660,completed,2024-12-20,2024-12-20
901,17,1,1,3,2024-12-24 12:32,2024-12-24 13:48,4567,6.7,454,completed,2024-12-24,2024-12-24
902,17,2,1,3,2024-12-28 10:38,2024-12-28 11:33,3328,2.7,243,completed,2024-12-28,2024-12-28
903,17,5,3,2,2024-12-29 07:17,2024-12-29 08:39,4958,0.8,333,completed,2024-12-29,2024-12-29
904,17,4,2,1,2024-12-30 06:30,2024-12-30 07:11,2513,0.0,609,completed,2024-12-30,2024-12-30
905,17,1,2,2,2024-12-30 08:20,2024-12-30 09:44,5091,5.4,399,completed,2024-12-30,2024-12-30
906,18,4,2,1,2024-10-01 08:18,2024-10-01 08:50,1951,0.0,251,completed,2024-10-01,2024-10-01
907,18,4,3,2,2024-10-02 13:53,2024-10-02 14:46,3207,0.0,505,completed,2024-10-02,2024-10-02
908,18,1,2,3,2024-10-04 17:07,2024-10-04 18:11,3889,7.1,551,completed,2024-10-04,2024-10-04
909,18,5,3,2,2024-10-05 16:26,2024-10-05 17:40,4444,0.6,322,completed,2024-10-05,2024-10-05
910,18,1,1,3,2024-10-05 08:52,2024-10-05 09:47,3315,5.9,576,completed,2024-10-05,2024-10-05
911,18,2,3,3,2024-10-06 15:19,2024-10-06 15:50,1899,2.8,677,completed,2024-10-06,2024-10-06
912,18,2,3,3,2024-10-07 09:12,2024-10-07 10:25,4412,2.3,254,completed,2024-10-07,2024-10-07
913,18,5,3,2,2024-10-10 06:56,2024-10-10 07:33,2222,0.8,421,completed,2024-10-10,2024-10-10
914,18,1,3,1,2024-10-10 05:02,2024-10-10 06:15,4420,5.9,298,completed,2024-10-10,2024-10-10
915,18,5,3,2,2024-10-11 10:30,2024-10-11 11:09,2361,0.8,373,completed,2024-10-11,2024-10-11
916,18,2,3,3,2024-10-12 05:28,2024-10-12 06:53,5132,2.9,494,completed,2024-10-12,2024-10-12
917,18,3,1,1,2024-10-12 18:34,2024-10-12 19:32,3514,17.8,236,completed,2024-10-12,2024-10-12
918,18,2,1,1,2024-10-16 17:46,2024-10-16 19:06,4801,4.0,564,completed,2024-10-16,2024-10-16
919,18,2,2,2,2024-10-16 13:00,2024-10-16 13:36,2168,2.2,469,completed,2024-10-16,2024-10-16
920,18,5,3,2,2024-10-17 11:35,2024-10-17 12:07,1943,1.3,553,completed,2024-10-17,2024-10-17
921,18,1,2,2,2024-10-19 05:40,2024-10-19 06:12,1946,7.8,363,completed,2024-10-19,2024-10-19
922,18,5,3,3,2024-10-19 06:06,2024-10-19 07:27,4879,0.9,581,completed,2024-10-19,2024-10-19
923,18,5,2,3,2024-10-29 06:38,2024-10-29 07:55,4676,1.4,265,completed,2024-10-29,2024-10-29
924,18,5,2,3,2024-11-01 14:19,2024-11-01 15:05,2778,1.2,339,completed,2024-11-01,2024-11-01
925,18,1,2,2,2024-11-02 15:29,2024-11-02 16:57,5339,7.1,502,completed,2024-11-02,2024-11-02
926,18,2,2,3,2024-11-03 06:55,2024-11-03 08:13,4692,2.7,160,completed,2024-11-03,2024-11-03
927,18,3,2,1,2024-11-04 06:10,2024-11-04 07:00,3042,21.3,363,completed,2024-11-04,2024-11-04
928,18,2,3,1,2024-11-07 09:24,2024-11-07 10:22,3539,3.6,617,completed,2024-11-07,2024-11-07
929,18,5,3,1,2024-11-07 15:10,2024-11-07 16:23,4428,0.8,509,completed,2024-11-07,2024-11-07
930,18,2,3,3,2024-11-09 09:20,2024-11-09 09:59,2375,2.4,323,completed,2024-11-09,2024-11-09
931,18,2,1,1,2024-11-11 05:28,2024-11-11 06:10,2526,2.2,217,completed,2024-11-11,2024-11-11
932,18,3,2,1,2024-11-11 06:16,2024-11-11 07:35,4790,21.3,162,completed,2024-11-11,2024-11-11
933,18,1,1,3,2024-11-12 13:51,2024-11-12 14:55,3893,8.2,355,completed,2024-11-12,2024-11-12
934,18,2,1,1,2024-11-13 11:43,2024-11-13 12:48,3912,3.3,334,completed,2024-11-13,2024-11-13
935,18,2,2,2,2024-11-16 11:17,2024-11-16 12:32,4542,3.2,553,completed,2024-11-16,2024-11-16
936,18,2,1,3,2024-11-19 12:01,2024-11-19 13:27,5173,3.6,639,completed,2024-11-19,2024-11-19
937,18,5,3,3,2024-11-20 17:07,2024-11-20 17:40,2010,0.8,480,completed,2024-11-20,2024-11-20
938,18,3,1,2,2024-11-21 13:03,2024-11-21 14:31,5303,24.6,165,completed,2024-11-21,2024-11-21
939,18,2,1,1,2024-11-22 08:14,2024-11-22 08:53,2343,3.6,235,completed,2024-11-22,2024-11-22
940,18,3,2,3,2024-11-22 07:46,2024-11-22 09:06,4816,23.7,207,completed,2024-11-22,2024-11-22
941,18,3,3,3,2024-11-23 18:07,2024-11-23 19:25,4696,15.1,374,completed,2024-11-23,2024-11-23
942,18,2,2,3,2024-11-23 08:48,2024-11-23 09:31,2611,2.5,549,completed,2024-11-23,2024-11-23
943,18,4,2,3,2024-11-26 06:10,2024-11-26 06:47,2250,0.0,296,completed,2024-11-26,2024-11-26
944,18,3,3,3,2024-11-28 09:36,2024-11-28 10:35,3558,12.1,416,completed,2024-11-28,2024-11-28
945,18,3,1,1,2024-11-28 06:43,2024-11-28 08:06,5032,19.0,477,completed,2024-11-28,2024-11-28
946,18,5,1,1,2024-11-30 06:07,2024-11-30 06:53,2806,0.8,357,completed,2024-11-30,2024-11-30
947,18,5,3,1,2024-12-07 10:58,2024-12-07 12:23,5158,1.4,355,completed,2024-12-07,2024-12-07
948,18,4,1,2,2024-12-10 14:31,2024-12-10 15:43,4367,0.0,426,completed,2024-12-10,2024-12-10
949,18,1,3,1,2024-12-13 06:07,2024-12-13 07:03,3414,9.2,295,completed,2024-12-13,2024-12-13
950,18,4,1,1,2024-12-14 11:36,2024-12-14 12:09,1990,0.0,264,completed,2024-12-14,2024-12-14
951,18,4,1,2,2024-12-15 17:11,2024-12-15 18:29,4683,0.0,350,completed,2024-12-15,2024-12-15
952,18,4,1,1,2024-12-21 14:05,2024-12-21 14:45,2447,0.0,356,completed,2024-12-21,2024-12-21
953,18,3,3,1,2024-12-24 14:47,2024-12-24 16:03,4604,15.1,200,completed,2024-12-24,2024-12-24
954,18,2,2,2,2024-12-25 15:35,2024-12-25 16:10,2123,2.0,191,completed,2024-12-25,2024-12-25
955,18,1,2,3,2024-12-28 12:44,2024-12-28 13:54,4206,9.9,498,completed,2024-12-28,2024-12-28
956,18,5,2,2,2024-12-28 06:15,2024-12-28 07:27,4360,0.8,185,completed,2024-12-28,2024-12-28
957,19,1,2,2,2024-10-02 11:22,2024-10-02 11:56,2077,5.2,236,completed,2024-10-02,2024-10-02
958,19,3,3,3,2024-10-03 06:36,2024-10-03 07:32,3374,24.0,305,completed,2024-10-03,2024-10-03
959,19,2,2,3,2024-10-04 05:02,2024-10-04 06:12,4227,2.2,407,completed,2024-10-04,2024-10-04
960,19,4,1,1,2024-10-07 06:19,2024-10-07 06:56,2262,0.0,402,completed,2024-10-07,2024-10-07
961,19,2,1,2,2024-10-07 11:50,2024-10-07 12:23,2005,3.1,225,completed,2024-10-07,2024-10-07
962,19,2,1,1,2024-10-08 12:58,2024-10-08 14:14,4596,4.0,610,completed,2024-10-08,2024-10-08
963,19,2,3,2,2024-10-10 08:22,2024-10-10 09:31,4161,3.1,378,completed,2024-10-10,2024-10-10
964,19,4,2,1,2024-10-13 18:20,2024-10-13 19:09,2995,0.0,549,completed,2024-10-13,2024-10-13
965,19,1,2,3,2024-10-14 12:46,2024-10-14 13:48,3766,7.6,581,completed,2024-10-14,2024-10-14
966,19,1,1,2,2024-10-15 16:28,2024-10-15 16:58,1854,9.3,154,completed,2024-10-15,2024-10-15
967,19,4,2,1,2024-10-19 12:05,2024-10-19 12:57,3141,0.0,254,completed,2024-10-19,2024-10-19
968,19,5,3,2,2024-10-20 09:18,2024-10-20 10:06,2912,0.5,650,completed,2024-10-20,2024-10-20
969,19,2,1,1,2024-10-20 05:41,2024-10-20 06:38,3425,2.2,662,completed,2024-10-20,2024-10-20
970,19,3,1,2,2024-10-21 17:51,2024-10-21 18:49,3523,21.2,646,completed,2024-10-21,2024-10-21
971,19,3,2,1,2024-10-22 13:44,2024-10-22 14:45,3707,22.0,639,completed,2024-10-22,2024-10-22
972,19,1,1,3,2024-10-23 13:17,2024-10-23 14:07,3054,6.2,571,completed,2024-10-23,2024-10-23
973,19,4,3,2,2024-10-24 11:19,2024-10-24 12:31,4341,0.0,487,completed,2024-10-24,2024-10-24
974,19,4,2,3,2024-10-24 11:42,2024-10-24 12:58,4607,0.0,360,completed,2024-10-24,2024-10-24
975,19,3,3,2,2024-10-24 08:23,2024-10-24 09:04,2508,20.1,410,completed,2024-10-24,2024-10-24
976,19,2,3,2,2024-10-27 17:58,2024-10-27 19:15,4658,2.8,405,completed,2024-10-27,2024-10-27
977,19,3,2,2,2024-10-29 18:23,2024-10-29 18:53,1857,15.8,359,completed,2024-10-29,2024-10-29
978,19,3,2,3,2024-10-30 17:50,2024-10-30 19:03,4409,12.2,416,completed,2024-10-30,2024-10-30
979,19,1,3,1,2024-10-31 17:00,2024-10-31 18:11,4299,7.6,402,completed,2024-10-31,2024-10-31
980,19,2,2,2,2024-10-31 14:07,2024-10-31 15:25,4709,2.1,301,completed,2024-10-31,2024-10-31
981,19,1,3,2,2024-11-03 12:05,2024-11-03 13:30,5105,9.0,165,completed,2024-11-03,2024-11-03
982,19,3,2,3,2024-11-06 11:49,2024-11-06 13:07,4733,20.4,433,completed,2024-11-06,2024-11-06
983,19,2,3,2,2024-11-10 15:21,2024-11-10 16:11,3042,2.2,596,completed,2024-11-10,2024-11-10
984,19,3,2,3,2024-11-11 06:16,2024-11-11 07:24,4087,22.2,157,completed,2024-11-11,2024-11-11
985,19,3,1,2,2024-11-11 13:16,2024-11-11 14:42,5172,24.0,320,completed,2024-11-11,2024-11-11
986,19,2,3,2,2024-11-12 18:53,2024-11-12 20:21,5302,3.5,301,completed,2024-11-12,2024-11-12
987,19,1,2,1,2024-11-12 14:21,2024-11-12 15:27,3983,7.9,352,completed,2024-11-12,2024-11-12
988,19,3,3,1,2024-11-14 08:53,2024-11-14 09:30,2220,22.2,409,completed,2024-11-14,2024-11-14
989,19,3,2,3,2024-11-18 15:07,2024-11-18 15:52,2733,12.4,413,completed,2024-11-18,2024-11-18
990,19,4,1,2,2024-11-20 08:29,2024-11-20 09:41,4352,0.0,224,completed,2024-11-20,2024-11-20
991,19,4,2,3,2024-11-21 15:09,2024-11-21 16:30,4870,0.0,327,completed,2024-11-21,2024-11-21
992,19,2,1,2,2024-11-25 10:21,2024-11-25 11:50,5370,3.3,178,completed,2024-11-25,2024-11-25
993,19,5,1,2,2024-11-26 07:59,2024-11-26 08:53,3284,0.8,545,completed,2024-11-26,2024-11-26
994,19,4,2,2,2024-11-26 13:26,2024-11-26 14:09,2636,0.0,186,completed,2024-11-26,2024-11-26
995,19,4,2,2,2024-11-27 07:04,2024-11-27 08:08,3889,0.0,169,completed,2024-11-27,2024-11-27
996,19,2,2,2,2024-11-27 05:35,2024-11-27 06:13,2314,2.1,406,completed,2024-11-27,2024-11-27
997,19,5,2,3,2024-12-04 14:30,2024-12-04 15:32,3727,0.5,682,completed,2024-12-04,2024-12-04
998,19,4,2,1,2024-12-11 09:40,2024-12-11 10:37,3447,0.0,673,completed,2024-12-11,2024-12-11
999,19,5,1,1,2024-12-12 18:44,2024-12-12 19:30,2798,0.8,518,completed,2024-12-12,2024-12-12
1000,19,4,1,2,2024-12-13 16:24,2024-12-13 17:32,4102,0.0,427,completed,2024-12-13,2024-12-13
1001,19,1,3,1,2024-12-13 08:57,2024-12-13 10:25,5292,5.1,308,completed,2024-12-13,2024-12-13
1002,19,3,2,1,2024-12-13 18:46,2024-12-13 19:30,2675,22.0,448,completed,2024-12-13,2024-12-13
1003,19,5,2,2,2024-12-13 07:44,2024-12-13 08:14,1814,0.8,642,completed,2024-12-13,2024-12-13
1004,19,4,2,2,2024-12-14 11:55,2024-12-14 13:14,4770,0.0,399,completed,2024-12-14,2024-12-14
1005,19,5,1,2,2024-12-18 15:33,2024-12-18 16:39,4010,0.7,511,completed,2024-12-18,2024-12-18
1006,19,4,2,1,2024-12-19 10:33,2024-12-19 11:52,4765,0.0,300,completed,2024-12-19,2024-12-19
1007,19,2,3,3,2024-12-19 15:11,2024-12-19 16:21,4207,2.1,303,completed,2024-12-19,2024-12-19
1008,19,4,1,1,2024-12-20 15:17,2024-12-20 16:32,4509,0.0,453,completed,2024-12-20,2024-12-20
1009,19,3,3,1,2024-12-21 17:56,2024-12-21 19:18,4971,13.5,320,completed,2024-12-21,2024-12-21
1010,19,1,2,3,2024-12-21 12:41,2024-12-21 13:40,3552,9.2,488,completed,2024-12-21,2024-12-21
1011,19,2,2,2,2024-12-24 08:47,2024-12-24 09:31,2678,3.3,430,completed,2024-12-24,2024-12-24
1012,19,2,1,1,2024-12-24 07:24,2024-12-24 08:02,2311,2.2,375,completed,2024-12-24,2024-12-24
1013,19,1,1,1,2024-12-25 09:13,2024-12-25 10:24,4307,6.4,257,completed,2024-12-25,2024-12-25
1014,19,2,1,2,2024-12-26 14:06,2024-12-26 15:01,3345,3.3,531,completed,2024-12-26,2024-12-26
1015,20,1,1,2,2024-10-01 16:59,2024-10-01 18:03,3854,6.7,453,completed,2024-10-01,2024-10-01
1016,20,3,1,2,2024-10-03 17:09,2024-10-03 17:54,2720,22.2,634,completed,2024-10-03,2024-10-03
1017,20,4,2,1,2024-10-03 12:57,2024-10-03 14:19,4935,0.0,447,completed,2024-10-03,2024-10-03
1018,20,3,2,3,2024-10-05 06:05,2024-10-05 06:54,2988,22.8,250,completed,2024-10-05,2024-10-05
1019,20,2,2,2,2024-10-09 07:44,2024-10-09 08:19,2133,2.2,541,completed,2024-10-09,2024-10-09
1020,20,1,1,2,2024-10-09 06:06,2024-10-09 06:45,2390,6.3,362,completed,2024-10-09,2024-10-09
1021,20,3,2,1,2024-10-10 13:56,2024-10-10 14:56,3622,12.2,574,completed,2024-10-10,2024-10-10
1022,20,1,1,1,2024-10-11 16:29,2024-10-11 17:33,3840,5.1,596,completed,2024-10-11,2024-10-11
1023,20,4,2,3,2024-10-13 09:27,2024-10-13 10:01,2054,0.0,158,completed,2024-10-13,2024-10-13
1024,20,4,3,1,2024-10-15 05:17,2024-10-15 06:33,4570,0.0,412,completed,2024-10-15,2024-10-15
1025,20,2,2,1,2024-10-16 15:57,2024-10-16 16:32,2135,3.0,551,completed,2024-10-16,2024-10-16
1026,20,3,2,3,2024-10-17 17:10,2024-10-17 18:28,4734,13.1,676,completed,2024-10-17,2024-10-17
1027,20,3,1,2,2024-10-18 05:28,2024-10-18 06:18,3053,20.2,531,completed,2024-10-18,2024-10-18
1028,20,1,3,3,2024-10-20 11:58,2024-10-20 13:26,5333,7.3,187,completed,2024-10-20,2024-10-20
1029,20,3,1,1,2024-10-20 06:48,2024-10-20 07:49,3675,20.5,328,completed,2024-10-20,2024-10-20
1030,20,5,1,1,2024-10-21 08:02,2024-10-21 09:01,3546,1.1,309,completed,2024-10-21,2024-10-21
1031,20,4,1,1,2024-10-22 15:36,2024-10-22 16:45,4168,0.0,270,completed,2024-10-22,2024-10-22
1032,20,4,2,2,2024-10-26 11:16,2024-10-26 12:44,5323,0.0,478,completed,2024-10-26,2024-10-26
1033,20,2,2,2,2024-10-27 08:44,2024-10-27 10:11,5236,3.4,607,completed,2024-10-27,2024-10-27
1034,20,2,3,2,2024-10-27 12:26,2024-10-27 13:52,5192,3.3,337,completed,2024-10-27,2024-10-27
1035,20,1,1,3,2024-10-27 07:24,2024-10-27 07:56,1977,8.5,569,completed,2024-10-27,2024-10-27
1036,20,3,1,2,2024-10-30 10:35,2024-10-30 11:08,1998,19.8,414,completed,2024-10-30,2024-10-30
1037,20,4,1,1,2024-11-02 05:07,2024-11-02 05:37,1840,0.0,412,completed,2024-11-02,2024-11-02
1038,20,3,3,2,2024-11-03 18:51,2024-11-03 20:11,4839,12.0,660,completed,2024-11-03,2024-11-03
1039,20,2,3,3,2024-11-04 12:56,2024-11-04 13:27,1873,3.8,599,completed,2024-11-04,2024-11-04
1040,20,2,2,3,2024-11-05 09:33,2024-11-05 10:53,4834,2.4,424,completed,2024-11-05,2024-11-05
1041,20,5,3,3,2024-11-06 11:04,2024-11-06 12:21,4674,1.0,464,completed,2024-11-06,2024-11-06
1042,20,5,1,3,2024-11-07 14:19,2024-11-07 15:23,3871,1.4,168,completed,2024-11-07,2024-11-07
1043,20,1,2,1,2024-11-08 10:54,2024-11-08 12:17,5015,5.1,569,completed,2024-11-08,2024-11-08
1044,20,1,3,2,2024-11-09 09:28,2024-11-09 10:55,5266,8.4,647,completed,2024-11-09,2024-11-09
1045,20,5,3,2,2024-11-12 17:43,2024-11-12 18:50,4074,0.5,174,completed,2024-11-12,2024-11-12
1046,20,3,2,1,2024-11-12 17:51,2024-11-12 18:51,3614,13.8,306,completed,2024-11-12,2024-11-12
1047,20,2,2,2,2024-11-14 18:39,2024-11-14 19:54,4555,2.3,246,completed,2024-11-14,2024-11-14
1048,20,5,2,2,2024-11-19 10:34,2024-11-19 11:25,3072,0.7,267,completed,2024-11-19,2024-11-19
1049,20,5,2,2,2024-11-21 12:42,2024-11-21 13:55,4422,0.7,264,completed,2024-11-21,2024-11-21
1050,20,5,1,1,2024-11-22 07:12,2024-11-22 08:37,5142,0.9,624,completed,2024-11-22,2024-11-22
1051,20,2,2,2,2024-11-22 16:09,2024-11-22 16:44,2123,2.3,684,completed,2024-11-22,2024-11-22
1052,20,5,1,1,2024-11-23 10:02,2024-11-23 10:59,3470,0.6,202,completed,2024-11-23,2024-11-23
1053,20,2,3,1,2024-11-24 10:12,2024-11-24 11:25,4386,2.3,693,completed,2024-11-24,2024-11-24
1054,20,4,1,1,2024-11-25 11:01,2024-11-25 11:52,3087,0.0,582,completed,2024-11-25,2024-11-25
1055,20,2,3,3,2024-11-30 12:37,2024-11-30 13:54,4648,2.8,615,completed,2024-11-30,2024-11-30
1056,20,3,1,3,2024-12-03 13:07,2024-12-03 14:30,5013,22.5,598,completed,2024-12-03,2024-12-03
1057,20,1,2,3,2024-12-03 16:53,2024-12-03 17:48,3322,8.8,286,completed,2024-12-03,2024-12-03
1058,20,3,1,3,2024-12-06 09:24,2024-12-06 10:47,5004,17.2,547,completed,2024-12-06,2024-12-06
1059,20,2,3,1,2024-12-07 13:59,2024-12-07 14:54,3338,2.4,210,completed,2024-12-07,2024-12-07
1060,20,1,1,2,2024-12-07 07:56,2024-12-07 08:51,3342,7.6,226,completed,2024-12-07,2024-12-07
1061,20,2,2,2,2024-12-09 14:20,2024-12-09 15:41,4904,3.8,179,completed,2024-12-09,2024-12-09
1062,20,3,3,1,2024-12-10 06:24,2024-12-10 07:01,2241,22.3,327,completed,2024-12-10,2024-12-10
1063,20,3,2,1,2024-12-11 13:30,2024-12-11 14:15,2749,14.4,418,completed,2024-12-11,2024-12-11
1064,20,1,2,3,2024-12-14 08:38,2024-12-14 09:44,3975,5.5,675,completed,2024-12-14,2024-12-14
1065,20,5,3,2,2024-12-17 05:08,2024-12-17 05:50,2555,0.6,345,completed,2024-12-17,2024-12-17
1066,20,5,1,1,2024-12-18 09:25,2024-12-18 10:03,2339,1.2,628,completed,2024-12-18,2024-12-18
1067,20,5,3,3,2024-12-29 05:19,2024-12-29 06:30,4296,0.8,399,completed,2024-12-29,2024-12-29
1068,20,3,1,3,2024-12-31 09:38,2024-12-31 10:20,2579,23.1,187,completed,2024-12-31,2024-12-31
1069,20,4,2,1,2024-12-31 16:48,2024-12-31 17:57,4178,0.0,404,completed,2024-12-31,2024-12-31
1070,21,2,3,1,2024-10-03 15:02,2024-10-03 15:32,1826,3.4,195,completed,2024-10-03,2024-10-03
1071,21,4,2,1,2024-10-05 18:56,2024-10-05 20:04,4099,0.0,591,completed,2024-10-05,2024-10-05
1072,21,3,2,1,2024-10-07 13:20,2024-10-07 13:59,2355,20.6,631,completed,2024-10-07,2024-10-07
1073,21,4,2,1,2024-10-09 11:01,2024-10-09 12:30,5367,0.0,671,completed,2024-10-09,2024-10-09
1074,21,3,3,3,2024-10-10 07:34,2024-10-10 08:43,4192,23.8,357,completed,2024-10-10,2024-10-10
1075,21,5,2,3,2024-10-10 17:38,2024-10-10 18:41,3821,1.2,363,completed,2024-10-10,2024-10-10
1076,21,4,2,3,2024-10-13 12:32,2024-10-13 13:23,3102,0.0,365,completed,2024-10-13,2024-10-13
1077,21,4,2,3,2024-10-14 06:01,2024-10-14 06:40,2343,0.0,405,completed,2024-10-14,2024-10-14
1078,21,3,2,2,2024-10-16 14:34,2024-10-16 15:47,4383,19.8,651,completed,2024-10-16,2024-10-16
1079,21,4,1,2,2024-10-18 05:45,2024-10-18 06:35,3032,0.0,313,completed,2024-10-18,2024-10-18
1080,21,5,2,1,2024-10-18 09:11,2024-10-18 10:01,3055,1.4,440,completed,2024-10-18,2024-10-18
1081,21,5,1,1,2024-10-19 16:03,2024-10-19 17:24,4874,1.1,624,completed,2024-10-19,2024-10-19
1082,21,4,2,2,2024-10-25 09:47,2024-10-25 11:13,5204,0.0,656,completed,2024-10-25,2024-10-25
1083,21,1,3,3,2024-10-28 11:19,2024-10-28 12:19,3648,5.9,529,completed,2024-10-28,2024-10-28
1084,21,4,3,1,2024-11-02 09:44,2024-11-02 10:37,3215,0.0,659,completed,2024-11-02,2024-11-02
1085,21,2,3,1,2024-11-06 12:27,2024-11-06 13:20,3211,3.4,677,completed,2024-11-06,2024-11-06
1086,21,1,2,1,2024-11-08 16:47,2024-11-08 17:34,2861,9.9,403,completed,2024-11-08,2024-11-08
1087,21,2,3,1,2024-11-12 10:49,2024-11-12 11:27,2327,4.0,451,completed,2024-11-12,2024-11-12
1088,21,4,2,2,2024-11-13 14:25,2024-11-13 15:16,3078,0.0,697,completed,2024-11-13,2024-11-13
1089,21,4,1,2,2024-11-15 14:01,2024-11-15 14:47,2814,0.0,400,completed,2024-11-15,2024-11-15
1090,21,4,1,2,2024-11-18 09:38,2024-11-18 10:14,2175,0.0,489,completed,2024-11-18,2024-11-18
1091,21,1,2,1,2024-11-19 08:30,2024-11-19 09:09,2392,6.5,256,completed,2024-11-19,2024-11-19
1092,21,4,1,2,2024-11-20 12:31,2024-11-20 13:43,4365,0.0,337,completed,2024-11-20,2024-11-20
1093,21,2,3,1,2024-11-21 07:04,2024-11-21 08:12,4095,2.5,389,completed,2024-11-21,2024-11-21
1094,21,2,2,1,2024-11-21 08:10,2024-11-21 08:55,2718,2.2,403,completed,2024-11-21,2024-11-21
1095,21,5,1,2,2024-11-25 17:47,2024-11-25 18:54,4057,0.7,491,completed,2024-11-25,2024-11-25
1096,21,3,1,2,2024-11-26 07:32,2024-11-26 08:43,4313,20.9,517,completed,2024-11-26,2024-11-26
1097,21,5,2,3,2024-11-27 06:47,2024-11-27 07:23,2160,1.2,420,completed,2024-11-27,2024-11-27
1098,21,4,3,1,2024-12-04 10:41,2024-12-04 11:49,4105,0.0,453,completed,2024-12-04,2024-12-04
1099,21,1,2,3,2024-12-06 12:37,2024-12-06 13:43,3977,9.7,664,completed,2024-12-06,2024-12-06
1100,21,1,1,3,2024-12-08 09:50,2024-12-08 10:40,3037,8.4,477,completed,2024-12-08,2024-12-08
1101,21,4,2,3,2024-12-10 09:39,2024-12-10 10:52,4437,0.0,251,completed,2024-12-10,2024-12-10
1102,21,1,3,2,2024-12-12 13:21,2024-12-12 14:24,3818,9.7,221,completed,2024-12-12,2024-12-12
1103,21,3,2,2,2024-12-13 09:24,2024-12-13 10:33,4155,13.2,530,completed,2024-12-13,2024-12-13
1104,21,3,1,3,2024-12-14 08:09,2024-12-14 09:30,4912,17.3,566,completed,2024-12-14,2024-12-14
1105,21,1,3,3,2024-12-14 16:53,2024-12-14 17:49,3395,8.7,162,completed,2024-12-14,2024-12-14
1106,21,1,1,3,2024-12-19 08:29,2024-12-19 09:15,2772,9.5,505,completed,2024-12-19,2024-12-19
1107,21,5,2,3,2024-12-20 09:30,2024-12-20 10:32,3778,1.0,643,completed,2024-12-20,2024-12-20
1108,21,2,2,2,2024-12-22 17:06,2024-12-22 18:32,5165,2.2,220,completed,2024-12-22,2024-12-22
1109,21,1,1,2,2024-12-24 15:37,2024-12-24 16:54,4637,5.6,353,completed,2024-12-24,2024-12-24
1110,21,5,1,3,2024-12-27 07:42,2024-12-27 08:34,3162,0.9,382,completed,2024-12-27,2024-12-27
1111,21,1,2,1,2024-12-30 14:25,2024-12-30 15:35,4224,7.1,558,completed,2024-12-30,2024-12-30
1112,21,4,3,2,2024-12-31 17:04,2024-12-31 18:13,4148,0.0,505,completed,2024-12-31,2024-12-31
1113,22,1,2,2,2024-10-05 15:20,2024-10-05 16:36,4604,5.0,296,completed,2024-10-05,2024-10-05
1114,22,4,2,1,2024-10-07 05:53,2024-10-07 06:57,3845,0.0,336,completed,2024-10-07,2024-10-07
1115,22,1,3,3,2024-10-07 11:51,2024-10-07 12:46,3312,7.8,384,completed,2024-10-07,2024-10-07
1116,22,1,2,3,2024-10-10 11:10,2024-10-10 12:03,3238,9.9,612,completed,2024-10-10,2024-10-10
1117,22,4,2,2,2024-10-12 16:33,2024-10-12 18:01,5308,0.0,394,completed,2024-10-12,2024-10-12
1118,22,2,2,1,2024-10-14 14:15,2024-10-14 15:12,3463,2.9,259,completed,2024-10-14,2024-10-14
1119,22,3,3,1,2024-10-14 12:39,2024-10-14 13:30,3105,23.7,356,completed,2024-10-14,2024-10-14
1120,22,5,2,1,2024-10-17 18:03,2024-10-17 19:16,4391,1.3,221,completed,2024-10-17,2024-10-17
1121,22,4,2,2,2024-10-18 10:15,2024-10-18 11:14,3565,0.0,152,completed,2024-10-18,2024-10-18
1122,22,5,2,2,2024-10-20 07:59,2024-10-20 08:38,2358,0.7,305,completed,2024-10-20,2024-10-20
1123,22,1,3,3,2024-10-25 13:00,2024-10-25 13:39,2395,7.8,592,completed,2024-10-25,2024-10-25
1124,22,1,2,1,2024-10-26 12:34,2024-10-26 13:15,2466,5.9,658,completed,2024-10-26,2024-10-26
1125,22,5,2,3,2024-10-29 11:58,2024-10-29 13:19,4882,0.5,315,completed,2024-10-29,2024-10-29
1126,22,2,2,1,2024-10-31 14:33,2024-10-31 15:07,2057,3.1,395,completed,2024-10-31,2024-10-31
1127,22,3,2,2,2024-11-02 13:47,2024-11-02 15:01,4477,14.8,269,completed,2024-11-02,2024-11-02
1128,22,2,2,1,2024-11-02 18:38,2024-11-02 19:37,3572,2.6,157,completed,2024-11-02,2024-11-02
1129,22,3,1,1,2024-11-04 09:48,2024-11-04 10:58,4251,16.4,506,completed,2024-11-04,2024-11-04
1130,22,3,1,3,2024-11-08 08:43,2024-11-08 09:23,2453,13.4,595,completed,2024-11-08,2024-11-08
1131,22,4,2,3,2024-11-10 06:34,2024-11-10 07:11,2234,0.0,409,completed,2024-11-10,2024-11-10
1132,22,3,2,2,2024-11-10 14:40,2024-11-10 15:26,2782,17.5,608,completed,2024-11-10,2024-11-10
1133,22,1,3,1,2024-11-11 16:53,2024-11-11 17:38,2739,8.7,227,completed,2024-11-11,2024-11-11
1134,22,1,1,3,2024-11-11 13:05,2024-11-11 14:04,3555,6.2,484,completed,2024-11-11,2024-11-11
1135,22,5,2,2,2024-11-11 06:22,2024-11-11 07:21,3574,1.3,636,completed,2024-11-11,2024-11-11
1136,22,2,2,1,2024-11-14 13:21,2024-11-14 14:18,3439,2.2,381,completed,2024-11-14,2024-11-14
1137,22,4,2,1,2024-11-19 08:17,2024-11-19 09:10,3233,0.0,258,completed,2024-11-19,2024-11-19
1138,22,1,1,3,2024-11-20 06:32,2024-11-20 07:05,2031,5.6,477,completed,2024-11-20,2024-11-20
1139,22,3,2,2,2024-11-20 09:38,2024-11-20 10:23,2727,24.9,224,completed,2024-11-20,2024-11-20
1140,22,4,2,2,2024-11-21 05:02,2024-11-21 06:09,4061,0.0,686,completed,2024-11-21,2024-11-21
1141,22,4,3,2,2024-11-28 10:25,2024-11-28 11:45,4805,0.0,693,completed,2024-11-28,2024-11-28
1142,22,1,3,3,2024-12-02 14:14,2024-12-02 15:11,3463,9.6,215,completed,2024-12-02,2024-12-02
1143,22,1,2,1,2024-12-03 17:46,2024-12-03 19:06,4852,9.0,431,completed,2024-12-03,2024-12-03
1144,22,4,1,3,2024-12-05 10:44,2024-12-05 11:49,3948,0.0,571,completed,2024-12-05,2024-12-05
1145,22,5,1,3,2024-12-06 18:42,2024-12-06 19:48,4017,0.8,504,completed,2024-12-06,2024-12-06
1146,22,5,3,1,2024-12-09 06:50,2024-12-09 08:02,4359,0.8,531,completed,2024-12-09,2024-12-09
1147,22,3,3,3,2024-12-09 17:43,2024-12-09 18:17,2047,22.7,626,completed,2024-12-09,2024-12-09
1148,22,3,3,2,2024-12-10 17:29,2024-12-10 18:30,3679,21.4,663,completed,2024-12-10,2024-12-10
1149,22,4,1,3,2024-12-11 17:34,2024-12-11 18:48,4477,0.0,679,completed,2024-12-11,2024-12-11
1150,22,1,1,3,2024-12-16 11:24,2024-12-16 12:28,3865,5.0,337,completed,2024-12-16,2024-12-16
1151,22,1,3,2,2024-12-17 18:51,2024-12-17 20:05,4496,6.9,180,completed,2024-12-17,2024-12-17
1152,22,5,2,2,2024-12-18 15:16,2024-12-18 16:30,4472,1.3,600,completed,2024-12-18,2024-12-18
1153,22,4,3,1,2024-12-20 07:13,2024-12-20 07:58,2733,0.0,422,completed,2024-12-20,2024-12-20
1154,22,3,2,1,2024-12-21 11:46,2024-12-21 12:43,3446,12.0,377,completed,2024-12-21,2024-12-21
1155,22,3,2,3,2024-12-22 09:15,2024-12-22 09:51,2208,13.5,637,completed,2024-12-22,2024-12-22
1156,22,4,3,2,2024-12-22 17:45,2024-12-22 18:41,3409,0.0,456,completed,2024-12-22,2024-12-22
1157,22,3,3,1,2024-12-22 06:03,2024-12-22 07:24,4884,21.7,392,completed,2024-12-22,2024-12-22
1158,22,4,3,2,2024-12-23 08:44,2024-12-23 09:21,2256,0.0,394,completed,2024-12-23,2024-12-23
1159,22,5,3,3,2024-12-26 15:20,2024-12-26 16:17,3455,1.1,510,completed,2024-12-26,2024-12-26
1160,22,5,1,2,2024-12-27 15:08,2024-12-27 15:49,2509,1.1,271,completed,2024-12-27,2024-12-27
1161,22,3,3,1,2024-12-27 14:36,2024-12-27 16:02,5185,13.1,686,completed,2024-12-27,2024-12-27
1162,22,4,3,3,2024-12-29 09:18,2024-12-29 10:03,2726,0.0,240,completed,2024-12-29,2024-12-29
1163,22,5,3,1,2024-12-30 07:40,2024-12-30 09:03,5000,1.4,633,completed,2024-12-30,2024-12-30
1164,22,2,2,1,2024-12-30 14:37,2024-12-30 15:34,3469,2.6,672,completed,2024-12-30,2024-12-30
1165,23,2,1,3,2024-10-01 12:16,2024-10-01 13:20,3887,2.4,587,completed,2024-10-01,2024-10-01
1166,23,2,3,1,2024-10-03 13:50,2024-10-03 14:54,3859,2.8,655,completed,2024-10-03,2024-10-03
1167,23,2,1,3,2024-10-04 07:10,2024-10-04 08:20,4211,2.8,316,completed,2024-10-04,2024-10-04
1168,23,3,2,1,2024-10-05 10:23,2024-10-05 10:58,2144,22.8,469,completed,2024-10-05,2024-10-05
1169,23,3,1,3,2024-10-08 13:35,2024-10-08 14:27,3147,23.3,343,completed,2024-10-08,2024-10-08
1170,23,4,2,3,2024-10-09 16:30,2024-10-09 17:58,5316,0.0,252,completed,2024-10-09,2024-10-09
1171,23,3,1,2,2024-10-10 07:06,2024-10-10 08:07,3660,17.7,551,completed,2024-10-10,2024-10-10
1172,23,1,1,3,2024-10-13 18:44,2024-10-13 19:49,3930,6.4,241,completed,2024-10-13,2024-10-13
1173,23,2,2,1,2024-10-17 18:05,2024-10-17 18:39,2078,3.5,256,completed,2024-10-17,2024-10-17
1174,23,5,3,2,2024-10-18 14:09,2024-10-18 15:14,3912,1.4,368,completed,2024-10-18,2024-10-18
1175,23,4,2,2,2024-10-19 12:15,2024-10-19 13:40,5126,0.0,508,completed,2024-10-19,2024-10-19
1176,23,1,3,2,2024-10-22 08:09,2024-10-22 09:24,4534,6.5,631,completed,2024-10-22,2024-10-22
1177,23,2,3,3,2024-10-23 05:55,2024-10-23 07:14,4762,2.7,663,completed,2024-10-23,2024-10-23
1178,23,5,2,1,2024-10-24 17:04,2024-10-24 18:32,5324,0.7,371,completed,2024-10-24,2024-10-24
1179,23,2,3,1,2024-10-24 13:43,2024-10-24 14:25,2535,3.9,420,completed,2024-10-24,2024-10-24
1180,23,4,1,1,2024-10-28 07:01,2024-10-28 07:48,2836,0.0,630,completed,2024-10-28,2024-10-28
1181,23,3,1,1,2024-10-31 12:40,2024-10-31 14:09,5362,22.7,273,completed,2024-10-31,2024-10-31
1182,23,5,3,2,2024-11-05 17:09,2024-11-05 18:15,3988,0.9,267,completed,2024-11-05,2024-11-05
1183,23,2,2,1,2024-11-06 06:08,2024-11-06 06:48,2404,3.5,337,completed,2024-11-06,2024-11-06
1184,23,1,1,3,2024-11-11 06:07,2024-11-11 07:30,5013,8.5,183,completed,2024-11-11,2024-11-11
1185,23,3,3,3,2024-11-12 05:16,2024-11-12 06:14,3526,22.0,373,completed,2024-11-12,2024-11-12
1186,23,3,1,3,2024-11-13 16:21,2024-11-13 17:01,2407,22.6,306,completed,2024-11-13,2024-11-13
1187,23,5,2,2,2024-11-13 14:29,2024-11-13 15:08,2389,1.3,503,completed,2024-11-13,2024-11-13
1188,23,5,2,3,2024-11-15 06:59,2024-11-15 08:09,4206,0.5,231,completed,2024-11-15,2024-11-15
1189,23,2,3,1,2024-11-17 14:57,2024-11-17 16:03,4004,3.8,553,completed,2024-11-17,2024-11-17
1190,23,4,2,1,2024-11-18 05:27,2024-11-18 06:54,5243,0.0,530,completed,2024-11-18,2024-11-18
1191,23,4,3,1,2024-11-18 07:16,2024-11-18 07:52,2205,0.0,298,completed,2024-11-18,2024-11-18
1192,23,1,2,1,2024-11-19 12:55,2024-11-19 13:45,3028,7.0,313,completed,2024-11-19,2024-11-19
1193,23,4,3,1,2024-11-20 07:02,2024-11-20 08:19,4641,0.0,494,completed,2024-11-20,2024-11-20
1194,23,1,2,3,2024-11-23 06:56,2024-11-23 08:00,3855,9.7,175,completed,2024-11-23,2024-11-23
1195,23,3,2,2,2024-11-27 17:41,2024-11-27 19:03,4937,16.9,409,completed,2024-11-27,2024-11-27
1196,23,3,1,1,2024-11-28 09:13,2024-11-28 09:58,2719,24.0,430,completed,2024-11-28,2024-11-28
1197,23,4,2,2,2024-11-30 18:21,2024-11-30 18:51,1834,0.0,396,completed,2024-11-30,2024-11-30
1198,23,5,1,1,2024-12-02 06:40,2024-12-02 07:30,3026,1.1,639,completed,2024-12-02,2024-12-02
1199,23,5,3,2,2024-12-04 15:19,2024-12-04 15:53,2050,1.4,654,completed,2024-12-04,2024-12-04
1200,23,5,1,1,2024-12-04 12:28,2024-12-04 13:47,4775,0.7,303,completed,2024-12-04,2024-12-04
1201,23,3,3,3,2024-12-05 16:40,2024-12-05 17:30,3025,20.5,495,completed,2024-12-05,2024-12-05
1202,23,2,3,2,2024-12-06 11:12,2024-12-06 11:45,2020,3.1,581,completed,2024-12-06,2024-12-06
1203,23,1,2,2,2024-12-14 16:34,2024-12-14 17:15,2462,5.9,676,completed,2024-12-14,2024-12-14
1204,23,3,2,3,2024-12-16 10:12,2024-12-16 11:08,3416,23.4,411,completed,2024-12-16,2024-12-16
1205,23,1,1,3,2024-12-18 13:58,2024-12-18 15:18,4808,5.6,340,completed,2024-12-18,2024-12-18
1206,23,2,1,3,2024-12-18 18:29,2024-12-18 19:27,3521,3.7,360,completed,2024-12-18,2024-12-18
1207,23,5,1,2,2024-12-19 10:27,2024-12-19 11:09,2520,0.6,270,completed,2024-12-19,2024-12-19
1208,23,1,2,3,2024-12-19 06:16,2024-12-19 07:06,3044,5.7,376,completed,2024-12-19,2024-12-19
1209,23,5,3,2,2024-12-21 07:06,2024-12-21 08:19,4430,1.4,172,completed,2024-12-21,2024-12-21
1210,23,5,2,3,2024-12-23 16:21,2024-12-23 17:09,2886,0.7,654,completed,2024-12-23,2024-12-23
1211,23,5,1,2,2024-12-24 14:51,2024-12-24 16:17,5210,1.3,153,completed,2024-12-24,2024-12-24
1212,23,5,1,2,2024-12-27 16:12,2024-12-27 17:10,3524,0.9,488,completed,2024-12-27,2024-12-27
1213,23,3,3,1,2024-12-27 16:53,2024-12-27 18:17,5055,18.4,504,completed,2024-12-27,2024-12-27
1214,23,4,2,1,2024-12-30 07:24,2024-12-30 08:17,3215,0.0,592,completed,2024-12-30,2024-12-30
1215,23,5,3,2,2024-12-30 18:33,2024-12-30 19:29,3399,0.7,645,completed,2024-12-30,2024-12-30
1216,23,1,1,2,2024-12-30 12:06,2024-12-30 12:47,2475,5.0,344,completed,2024-12-30,2024-12-30
1217,23,2,1,2,2024-12-30 07:38,2024-12-30 08:24,2762,2.1,514,completed,2024-12-30,2024-12-30
1218,23,3,2,3,2024-12-30 05:28,2024-12-30 06:47,4754,18.8,352,completed,2024-12-30,2024-12-30
1219,24,4,1,1,2024-10-01 18:38,2024-10-01 19:26,2925,0.0,424,completed,2024-10-01,2024-10-01
1220,24,2,1,1,2024-10-04 05:50,2024-10-04 06:46,3413,2.4,319,completed,2024-10-04,2024-10-04
1221,24,2,1,3,2024-10-05 09:47,2024-10-05 11:05,4693,2.1,561,completed,2024-10-05,2024-10-05
1222,24,2,3,1,2024-10-05 18:09,2024-10-05 19:06,3457,3.6,517,completed,2024-10-05,2024-10-05
1223,24,3,3,1,2024-10-14 08:11,2024-10-14 09:12,3676,21.9,631,completed,2024-10-14,2024-10-14
1224,24,2,2,3,2024-10-15 06:25,2024-10-15 07:01,2212,3.9,619,completed,2024-10-15,2024-10-15
1225,24,4,2,2,2024-10-17 11:09,2024-10-17 12:25,4594,0.0,434,completed,2024-10-17,2024-10-17
1226,24,2,2,1,2024-10-18 05:03,2024-10-18 06:25,4974,2.8,237,completed,2024-10-18,2024-10-18
1227,24,5,2,1,2024-10-19 17:31,2024-10-19 18:23,3168,0.9,607,completed,2024-10-19,2024-10-19
1228,24,4,3,2,2024-10-20 13:46,2024-10-20 15:11,5134,0.0,596,completed,2024-10-20,2024-10-20
1229,24,4,1,1,2024-10-22 17:01,2024-10-22 18:25,5097,0.0,410,completed,2024-10-22,2024-10-22
1230,24,2,3,1,2024-10-22 07:22,2024-10-22 08:33,4286,3.2,329,completed,2024-10-22,2024-10-22
1231,24,4,2,1,2024-10-24 13:44,2024-10-24 14:35,3105,0.0,682,completed,2024-10-24,2024-10-24
1232,24,5,1,2,2024-10-26 06:32,2024-10-26 08:01,5348,0.7,525,completed,2024-10-26,2024-10-26
1233,24,4,2,3,2024-10-27 10:45,2024-10-27 12:00,4533,0.0,442,completed,2024-10-27,2024-10-27
1234,24,2,1,3,2024-10-28 07:57,2024-10-28 08:34,2223,2.6,249,completed,2024-10-28,2024-10-28
1235,24,2,2,3,2024-10-29 09:38,2024-10-29 10:41,3798,3.9,436,completed,2024-10-29,2024-10-29
1236,24,1,3,1,2024-10-29 17:08,2024-10-29 18:15,4051,9.1,643,completed,2024-10-29,2024-10-29
1237,24,4,2,2,2024-11-01 17:46,2024-11-01 18:29,2612,0.0,696,completed,2024-11-01,2024-11-01
1238,24,1,1,2,2024-11-01 11:25,2024-11-01 12:17,3138,9.4,606,completed,2024-11-01,2024-11-01
1239,24,2,3,3,2024-11-04 11:45,2024-11-04 12:33,2930,2.8,232,completed,2024-11-04,2024-11-04
1240,24,4,3,2,2024-11-10 16:46,2024-11-10 18:04,4715,0.0,515,completed,2024-11-10,2024-11-10
1241,24,2,3,3,2024-11-12 15:04,2024-11-12 16:13,4154,2.2,669,completed,2024-11-12,2024-11-12
1242,24,2,2,2,2024-11-13 06:48,2024-11-13 08:10,4939,2.3,467,completed,2024-11-13,2024-11-13
1243,24,1,1,1,2024-11-14 15:21,2024-11-14 16:33,4350,7.8,362,completed,2024-11-14,2024-11-14
1244,24,2,2,1,2024-11-15 10:50,2024-11-15 11:47,3436,3.6,310,completed,2024-11-15,2024-11-15
1245,24,5,3,3,2024-11-16 15:16,2024-11-16 16:39,5036,0.7,592,completed,2024-11-16,2024-11-16
1246,24,5,1,3,2024-11-17 08:10,2024-11-17 09:33,4997,1.3,419,completed,2024-11-17,2024-11-17
1247,24,3,3,1,2024-11-18 11:18,2024-11-18 12:03,2733,17.0,565,completed,2024-11-18,2024-11-18
1248,24,3,2,1,2024-11-19 17:17,2024-11-19 18:46,5347,19.1,569,completed,2024-11-19,2024-11-19
1249,24,4,1,1,2024-11-20 08:37,2024-11-20 09:22,2757,0.0,561,completed,2024-11-20,2024-11-20
1250,24,3,2,3,2024-11-20 17:12,2024-11-20 18:19,4069,20.4,597,completed,2024-11-20,2024-11-20
1251,24,2,1,1,2024-11-20 05:22,2024-11-20 05:55,1980,2.6,636,completed,2024-11-20,2024-11-20
1252,24,3,3,2,2024-11-23 09:49,2024-11-23 11:18,5380,12.6,552,completed,2024-11-23,2024-11-23
1253,24,2,1,3,2024-11-24 15:20,2024-11-24 16:43,5035,3.3,595,completed,2024-11-24,2024-11-24
1254,24,3,2,2,2024-11-25 08:06,2024-11-25 09:12,3993,23.7,405,completed,2024-11-25,2024-11-25
1255,24,4,2,3,2024-11-28 17:09,2024-11-28 17:48,2398,0.0,589,completed,2024-11-28,2024-11-28
1256,24,1,1,3,2024-11-28 10:13,2024-11-28 11:30,4674,8.0,506,completed,2024-11-28,2024-11-28
1257,24,1,2,2,2024-11-30 10:31,2024-11-30 11:51,4815,8.4,160,completed,2024-11-30,2024-11-30
1258,24,2,2,2,2024-12-01 17:07,2024-12-01 18:08,3688,2.7,409,completed,2024-12-01,2024-12-01
1259,24,3,1,1,2024-12-02 07:48,2024-12-02 08:47,3587,20.7,558,completed,2024-12-02,2024-12-02
1260,24,3,1,2,2024-12-02 10:24,2024-12-02 11:19,3352,14.6,339,completed,2024-12-02,2024-12-02
1261,24,4,2,3,2024-12-04 07:11,2024-12-04 08:20,4199,0.0,175,completed,2024-12-04,2024-12-04
1262,24,3,3,3,2024-12-05 15:09,2024-12-05 16:38,5368,23.0,587,completed,2024-12-05,2024-12-05
1263,24,5,1,1,2024-12-06 05:21,2024-12-06 05:53,1949,1.1,631,completed,2024-12-06,2024-12-06
1264,24,5,1,1,2024-12-07 17:33,2024-12-07 18:16,2620,1.2,532,completed,2024-12-07,2024-12-07
1265,24,2,3,1,2024-12-07 07:01,2024-12-07 08:23,4929,3.2,241,completed,2024-12-07,2024-12-07
1266,24,1,1,2,2024-12-10 08:03,2024-12-10 09:26,5035,9.9,200,completed,2024-12-10,2024-12-10
1267,24,3,1,3,2024-12-15 05:04,2024-12-15 06:20,4594,22.6,482,completed,2024-12-15,2024-12-15
1268,24,5,1,3,2024-12-21 11:54,2024-12-21 12:48,3250,1.4,150,completed,2024-12-21,2024-12-21
1269,24,4,1,1,2024-12-22 05:25,2024-12-22 05:56,1907,0.0,481,completed,2024-12-22,2024-12-22
1270,24,1,1,2,2024-12-22 15:13,2024-12-22 16:27,4490,6.7,368,completed,2024-12-22,2024-12-22
1271,24,1,1,3,2024-12-23 06:29,2024-12-23 07:30,3677,9.6,238,completed,2024-12-23,2024-12-23
1272,24,2,3,3,2024-12-24 12:55,2024-12-24 13:32,2273,2.4,305,completed,2024-12-24,2024-12-24
1273,24,3,3,1,2024-12-26 07:31,2024-12-26 08:09,2300,18.6,174,completed,2024-12-26,2024-12-26
1274,24,5,3,3,2024-12-28 08:09,2024-12-28 09:12,3816,1.2,379,completed,2024-12-28,2024-12-28
1275,24,2,3,3,2024-12-28 12:13,2024-12-28 13:05,3174,2.0,687,completed,2024-12-28,2024-12-28
1276,25,3,2,3,2024-10-01 11:35,2024-10-01 13:01,5163,14.6,525,completed,2024-10-01,2024-10-01
1277,25,2,2,3,2024-10-03 07:11,2024-10-03 08:27,4592,2.1,425,completed,2024-10-03,2024-10-03
1278,25,1,2,3,2024-10-03 07:59,2024-10-03 09:12,4435,8.3,552,completed,2024-10-03,2024-10-03
1279,25,1,1,2,2024-10-03 15:53,2024-10-03 16:50,3461,6.1,515,completed,2024-10-03,2024-10-03
1280,25,3,2,3,2024-10-03 13:58,2024-10-03 15:04,3964,14.8,346,completed,2024-10-03,2024-10-03
1281,25,2,2,1,2024-10-04 16:28,2024-10-04 17:44,4575,3.7,673,completed,2024-10-04,2024-10-04
1282,25,4,3,1,2024-10-05 13:54,2024-10-05 14:53,3552,0.0,563,completed,2024-10-05,2024-10-05
1283,25,3,1,2,2024-10-06 12:10,2024-10-06 13:25,4520,24.5,183,completed,2024-10-06,2024-10-06
1284,25,1,2,3,2024-10-07 07:56,2024-10-07 09:19,4986,6.3,207,completed,2024-10-07,2024-10-07
1285,25,5,1,1,2024-10-08 17:28,2024-10-08 18:20,3133,1.2,627,completed,2024-10-08,2024-10-08
1286,25,2,2,3,2024-10-08 18:06,2024-10-08 19:27,4890,3.3,217,completed,2024-10-08,2024-10-08
1287,25,5,1,3,2024-10-10 14:46,2024-10-10 16:09,4991,1.1,160,completed,2024-10-10,2024-10-10
1288,25,1,3,2,2024-10-11 16:05,2024-10-11 16:43,2304,6.2,579,completed,2024-10-11,2024-10-11
1289,25,1,2,2,2024-10-12 17:48,2024-10-12 18:46,3486,5.9,600,completed,2024-10-12,2024-10-12
1290,25,3,2,2,2024-10-15 15:45,2024-10-15 17:01,4618,13.9,211,completed,2024-10-15,2024-10-15
1291,25,2,2,1,2024-10-21 08:39,2024-10-21 09:32,3187,3.1,620,completed,2024-10-21,2024-10-21
1292,25,3,2,2,2024-10-23 08:11,2024-10-23 08:42,1912,22.7,665,completed,2024-10-23,2024-10-23
1293,25,5,3,3,2024-10-25 06:16,2024-10-25 07:16,3606,0.5,240,completed,2024-10-25,2024-10-25
1294,25,2,2,1,2024-11-02 14:33,2024-11-02 15:34,3665,3.7,628,completed,2024-11-02,2024-11-02
1295,25,1,3,2,2024-11-03 10:26,2024-11-03 11:32,3972,6.7,379,completed,2024-11-03,2024-11-03
1296,25,3,3,3,2024-11-05 14:43,2024-11-05 15:13,1805,12.6,223,completed,2024-11-05,2024-11-05
1297,25,5,1,3,2024-11-09 07:07,2024-11-09 07:46,2341,0.6,587,completed,2024-11-09,2024-11-09
1298,25,3,3,2,2024-11-12 10:39,2024-11-12 11:29,3037,15.0,319,completed,2024-11-12,2024-11-12
1299,25,4,3,3,2024-11-14 16:13,2024-11-14 17:08,3302,0.0,452,completed,2024-11-14,2024-11-14
1300,25,5,3,3,2024-11-14 16:31,2024-11-14 17:09,2315,1.3,644,completed,2024-11-14,2024-11-14
1301,25,4,2,3,2024-11-15 06:12,2024-11-15 06:51,2393,0.0,568,completed,2024-11-15,2024-11-15
1302,25,4,3,3,2024-11-17 06:10,2024-11-17 06:44,2071,0.0,404,completed,2024-11-17,2024-11-17
1303,25,3,1,3,2024-11-20 14:04,2024-11-20 14:57,3194,16.2,353,completed,2024-11-20,2024-11-20
1304,25,1,1,2,2024-11-22 16:10,2024-11-22 17:07,3468,7.8,682,completed,2024-11-22,2024-11-22
1305,25,5,2,2,2024-11-23 05:20,2024-11-23 06:22,3725,0.8,300,completed,2024-11-23,2024-11-23
1306,25,4,2,3,2024-11-26 18:37,2024-11-26 19:53,4609,0.0,693,completed,2024-11-26,2024-11-26
1307,25,2,2,2,2024-11-26 13:06,2024-11-26 14:24,4684,2.7,613,completed,2024-11-26,2024-11-26
1308,25,4,2,2,2024-11-27 10:40,2024-11-27 11:10,1801,0.0,637,completed,2024-11-27,2024-11-27
1309,25,5,2,1,2024-11-28 08:10,2024-11-28 09:09,3555,0.6,550,completed,2024-11-28,2024-11-28
1310,25,3,2,2,2024-11-28 18:37,2024-11-28 19:51,4460,13.6,184,completed,2024-11-28,2024-11-28
1311,25,2,1,3,2024-12-04 12:06,2024-12-04 13:14,4122,3.9,337,completed,2024-12-04,2024-12-04
1312,25,3,2,2,2024-12-05 06:20,2024-12-05 07:44,5098,22.5,523,completed,2024-12-05,2024-12-05
1313,25,2,1,1,2024-12-10 05:22,2024-12-10 06:45,4986,2.0,433,completed,2024-12-10,2024-12-10
1314,25,3,3,3,2024-12-11 06:50,2024-12-11 08:14,5096,14.4,407,completed,2024-12-11,2024-12-11
1315,25,4,2,1,2024-12-18 09:05,2024-12-18 09:53,2909,0.0,224,completed,2024-12-18,2024-12-18
1316,25,5,2,2,2024-12-19 08:13,2024-12-19 09:34,4901,1.0,560,completed,2024-12-19,2024-12-19
1317,25,2,3,1,2024-12-21 15:45,2024-12-21 17:14,5396,2.5,656,completed,2024-12-21,2024-12-21
1318,25,1,1,2,2024-12-22 14:32,2024-12-22 15:50,4703,9.1,297,completed,2024-12-22,2024-12-22
1319,25,5,1,1,2024-12-22 16:16,2024-12-22 17:34,4681,1.5,378,completed,2024-12-22,2024-12-22
1320,25,2,1,1,2024-12-23 09:29,2024-12-23 10:46,4632,2.6,626,completed,2024-12-23,2024-12-23
1321,25,5,2,2,2024-12-25 11:07,2024-12-25 12:22,4530,0.8,174,completed,2024-12-25,2024-12-25
1322,25,2,1,3,2024-12-28 08:36,2024-12-28 09:17,2463,3.3,276,completed,2024-12-28,2024-12-28
1323,26,1,2,2,2024-10-01 11:09,2024-10-01 12:11,3761,7.0,212,completed,2024-10-01,2024-10-01
1324,26,1,2,1,2024-10-01 14:48,2024-10-01 15:32,2652,8.4,652,completed,2024-10-01,2024-10-01
1325,26,4,1,2,2024-10-04 09:04,2024-10-04 09:51,2829,0.0,691,completed,2024-10-04,2024-10-04
1326,26,1,2,2,2024-10-05 06:35,2024-10-05 07:33,3514,9.7,369,completed,2024-10-05,2024-10-05
1327,26,1,2,2,2024-10-05 13:22,2024-10-05 14:47,5144,7.6,628,completed,2024-10-05,2024-10-05
1328,26,1,1,3,2024-10-05 17:14,2024-10-05 18:01,2844,5.4,386,completed,2024-10-05,2024-10-05
1329,26,1,2,3,2024-10-09 14:02,2024-10-09 15:25,5025,9.3,492,completed,2024-10-09,2024-10-09
1330,26,1,1,2,2024-10-10 11:30,2024-10-10 12:42,4350,9.6,292,completed,2024-10-10,2024-10-10
1331,26,1,3,3,2024-10-12 08:18,2024-10-12 09:09,3099,9.8,450,completed,2024-10-12,2024-10-12
1332,26,5,3,1,2024-10-14 09:32,2024-10-14 10:33,3705,0.5,193,completed,2024-10-14,2024-10-14
1333,26,1,3,1,2024-10-18 17:10,2024-10-18 18:37,5226,6.1,667,completed,2024-10-18,2024-10-18
1334,26,5,1,2,2024-10-18 14:33,2024-10-18 15:07,2043,0.9,639,completed,2024-10-18,2024-10-18
1335,26,3,1,2,2024-10-20 17:44,2024-10-20 19:05,4903,13.5,497,completed,2024-10-20,2024-10-20
1336,26,2,3,1,2024-10-20 12:59,2024-10-20 13:59,3600,4.0,547,completed,2024-10-20,2024-10-20
1337,26,3,1,3,2024-10-21 14:10,2024-10-21 14:47,2278,16.6,181,completed,2024-10-21,2024-10-21
1338,26,2,3,2,2024-10-23 18:05,2024-10-23 18:39,2094,2.9,301,completed,2024-10-23,2024-10-23
1339,26,1,3,1,2024-10-26 08:19,2024-10-26 08:50,1890,6.3,619,completed,2024-10-26,2024-10-26
1340,26,1,2,3,2024-10-26 10:34,2024-10-26 11:38,3842,5.0,200,completed,2024-10-26,2024-10-26
1341,26,5,3,2,2024-11-06 10:46,2024-11-06 11:29,2602,1.5,489,completed,2024-11-06,2024-11-06
1342,26,4,2,2,2024-11-07 16:30,2024-11-07 17:41,4276,0.0,285,completed,2024-11-07,2024-11-07
1343,26,3,1,2,2024-11-11 05:59,2024-11-11 06:33,2070,23.3,177,completed,2024-11-11,2024-11-11
1344,26,5,1,3,2024-11-11 06:37,2024-11-11 07:20,2616,1.1,408,completed,2024-11-11,2024-11-11
1345,26,3,3,1,2024-11-12 15:23,2024-11-12 16:17,3277,23.6,493,completed,2024-11-12,2024-11-12
1346,26,3,1,3,2024-11-14 18:28,2024-11-14 19:40,4350,24.3,657,completed,2024-11-14,2024-11-14
1347,26,2,2,1,2024-11-16 07:07,2024-11-16 08:10,3837,3.9,172,completed,2024-11-16,2024-11-16
1348,26,3,2,1,2024-11-16 08:49,2024-11-16 10:14,5129,24.7,448,completed,2024-11-16,2024-11-16
1349,26,1,3,3,2024-11-19 15:04,2024-11-19 16:32,5306,8.0,577,completed,2024-11-19,2024-11-19
1350,26,1,3,2,2024-11-20 14:30,2024-11-20 15:33,3803,7.8,682,completed,2024-11-20,2024-11-20
1351,26,2,1,3,2024-11-22 15:18,2024-11-22 16:44,5203,3.9,354,completed,2024-11-22,2024-11-22
1352,26,4,3,3,2024-11-22 14:10,2024-11-22 15:33,5021,0.0,660,completed,2024-11-22,2024-11-22
1353,26,1,3,2,2024-11-24 07:26,2024-11-24 08:16,3022,5.4,163,completed,2024-11-24,2024-11-24
1354,26,2,3,1,2024-11-27 14:51,2024-11-27 15:54,3791,3.0,657,completed,2024-11-27,2024-11-27
1355,26,5,2,1,2024-11-27 09:59,2024-11-27 11:26,5237,1.4,170,completed,2024-11-27,2024-11-27
1356,26,4,3,3,2024-11-29 08:32,2024-11-29 09:04,1968,0.0,336,completed,2024-11-29,2024-11-29
1357,26,5,3,1,2024-12-01 16:03,2024-12-01 16:57,3292,0.5,388,completed,2024-12-01,2024-12-01
1358,26,4,3,2,2024-12-03 15:10,2024-12-03 16:26,4609,0.0,653,completed,2024-12-03,2024-12-03
1359,26,1,2,3,2024-12-04 06:50,2024-12-04 07:33,2611,6.9,544,completed,2024-12-04,2024-12-04
1360,26,3,2,1,2024-12-04 12:17,2024-12-04 12:52,2149,16.8,272,completed,2024-12-04,2024-12-04
1361,26,4,2,1,2024-12-04 13:44,2024-12-04 14:40,3417,0.0,647,completed,2024-12-04,2024-12-04
1362,26,1,1,2,2024-12-05 09:26,2024-12-05 10:07,2491,7.5,222,completed,2024-12-05,2024-12-05
1363,26,4,3,1,2024-12-06 05:48,2024-12-06 06:34,2812,0.0,199,completed,2024-12-06,2024-12-06
1364,26,5,1,3,2024-12-10 10:31,2024-12-10 11:59,5290,0.7,624,completed,2024-12-10,2024-12-10
1365,26,1,3,1,2024-12-11 11:19,2024-12-11 12:44,5121,5.5,280,completed,2024-12-11,2024-12-11
1366,26,4,2,2,2024-12-14 16:42,2024-12-14 18:04,4935,0.0,650,completed,2024-12-14,2024-12-14
1367,26,4,2,3,2024-12-19 17:34,2024-12-19 18:19,2750,0.0,228,completed,2024-12-19,2024-12-19
1368,26,2,1,2,2024-12-27 12:54,2024-12-27 14:11,4635,3.3,231,completed,2024-12-27,2024-12-27
1369,26,5,3,2,2024-12-28 16:26,2024-12-28 17:20,3253,1.1,377,completed,2024-12-28,2024-12-28
1370,26,2,3,1,2024-12-29 06:10,2024-12-29 07:22,4322,3.8,250,completed,2024-12-29,2024-12-29
1371,26,1,3,1,2024-12-30 09:43,2024-12-30 11:07,5067,8.5,272,completed,2024-12-30,2024-12-30
1372,27,2,3,1,2024-10-01 14:43,2024-10-01 15:26,2625,2.2,569,completed,2024-10-01,2024-10-01
1373,27,2,3,2,2024-10-01 16:32,2024-10-01 17:41,4189,2.8,612,completed,2024-10-01,2024-10-01
1374,27,3,3,1,2024-10-01 08:16,2024-10-01 08:48,1962,20.1,220,completed,2024-10-01,2024-10-01
1375,27,5,2,1,2024-10-01 05:46,2024-10-01 07:01,4542,1.0,360,completed,2024-10-01,2024-10-01
1376,27,3,2,2,2024-10-03 17:24,2024-10-03 18:28,3888,24.7,671,completed,2024-10-03,2024-10-03
1377,27,5,2,2,2024-10-04 18:34,2024-10-04 19:28,3246,1.4,150,completed,2024-10-04,2024-10-04
1378,27,1,3,2,2024-10-04 16:33,2024-10-04 17:11,2288,8.4,419,completed,2024-10-04,2024-10-04
1379,27,2,1,2,2024-10-04 13:13,2024-10-04 13:47,2055,3.2,602,completed,2024-10-04,2024-10-04
1380,27,4,2,1,2024-10-05 07:46,2024-10-05 08:19,2035,0.0,580,completed,2024-10-05,2024-10-05
1381,27,5,1,3,2024-10-05 18:39,2024-10-05 19:14,2157,0.5,497,completed,2024-10-05,2024-10-05
1382,27,5,3,3,2024-10-06 09:30,2024-10-06 10:24,3264,1.1,564,completed,2024-10-06,2024-10-06
1383,27,5,1,1,2024-10-06 15:33,2024-10-06 16:59,5213,0.8,679,completed,2024-10-06,2024-10-06
1384,27,3,3,2,2024-10-07 16:24,2024-10-07 17:06,2550,19.0,328,completed,2024-10-07,2024-10-07
1385,27,2,1,1,2024-10-09 05:08,2024-10-09 06:33,5134,2.8,470,completed,2024-10-09,2024-10-09
1386,27,4,2,2,2024-10-10 08:27,2024-10-10 09:11,2684,0.0,632,completed,2024-10-10,2024-10-10
1387,27,1,1,2,2024-10-13 18:02,2024-10-13 19:06,3899,9.4,188,completed,2024-10-13,2024-10-13
1388,27,5,3,3,2024-10-13 13:34,2024-10-13 14:11,2228,0.8,207,completed,2024-10-13,2024-10-13
1389,27,4,3,2,2024-10-14 13:21,2024-10-14 14:48,5266,0.0,575,completed,2024-10-14,2024-10-14
1390,27,3,2,2,2024-10-14 09:36,2024-10-14 10:49,4405,15.2,193,completed,2024-10-14,2024-10-14
1391,27,5,3,1,2024-10-16 15:06,2024-10-16 16:31,5145,0.8,527,completed,2024-10-16,2024-10-16
1392,27,5,3,2,2024-10-21 14:59,2024-10-21 15:54,3350,1.4,588,completed,2024-10-21,2024-10-21
1393,27,3,1,2,2024-10-23 15:21,2024-10-23 16:15,3281,17.4,524,completed,2024-10-23,2024-10-23
1394,27,3,3,2,2024-10-25 10:16,2024-10-25 11:07,3089,17.6,585,completed,2024-10-25,2024-10-25
1395,27,4,2,1,2024-10-28 12:22,2024-10-28 13:25,3792,0.0,396,completed,2024-10-28,2024-10-28
1396,27,5,2,2,2024-10-30 15:49,2024-10-30 17:17,5333,1.3,485,completed,2024-10-30,2024-10-30
1397,27,5,2,3,2024-10-31 11:54,2024-10-31 13:02,4097,1.3,571,completed,2024-10-31,2024-10-31
1398,27,4,2,3,2024-11-04 16:15,2024-11-04 16:56,2496,0.0,517,completed,2024-11-04,2024-11-04
1399,27,3,1,1,2024-11-05 06:48,2024-11-05 07:52,3886,17.8,257,completed,2024-11-05,2024-11-05
1400,27,5,3,3,2024-11-06 10:57,2024-11-06 11:46,2971,1.5,688,completed,2024-11-06,2024-11-06
1401,27,2,2,2,2024-11-07 10:13,2024-11-07 11:36,5004,3.6,272,completed,2024-11-07,2024-11-07
1402,27,4,2,2,2024-11-11 13:56,2024-11-11 14:58,3750,0.0,628,completed,2024-11-11,2024-11-11
1403,27,5,1,1,2024-11-13 06:22,2024-11-13 07:36,4441,0.9,463,completed,2024-11-13,2024-11-13
1404,27,4,3,2,2024-11-15 06:44,2024-11-15 07:46,3725,0.0,639,completed,2024-11-15,2024-11-15
1405,27,5,3,3,2024-11-16 11:16,2024-11-16 12:01,2733,0.8,569,completed,2024-11-16,2024-11-16
1406,27,3,3,1,2024-11-18 11:25,2024-11-18 12:11,2792,15.2,623,completed,2024-11-18,2024-11-18
1407,27,5,1,1,2024-11-20 11:39,2024-11-20 12:21,2533,1.1,272,completed,2024-11-20,2024-11-20
1408,27,4,1,1,2024-11-21 11:43,2024-11-21 12:17,2086,0.0,536,completed,2024-11-21,2024-11-21
1409,27,3,1,2,2024-11-23 15:43,2024-11-23 16:57,4445,20.6,494,completed,2024-11-23,2024-11-23
1410,27,3,1,3,2024-11-26 15:24,2024-11-26 16:02,2337,21.9,396,completed,2024-11-26,2024-11-26
1411,27,5,2,3,2024-11-30 18:55,2024-11-30 20:15,4838,0.5,453,completed,2024-11-30,2024-11-30
1412,27,1,3,1,2024-12-03 11:37,2024-12-03 12:12,2143,9.5,249,completed,2024-12-03,2024-12-03
1413,27,2,2,3,2024-12-04 05:51,2024-12-04 07:15,5048,3.6,492,completed,2024-12-04,2024-12-04
1414,27,5,2,1,2024-12-05 07:12,2024-12-05 07:48,2201,0.6,636,completed,2024-12-05,2024-12-05
1415,27,3,2,2,2024-12-08 16:25,2024-12-08 17:15,3047,23.9,470,completed,2024-12-08,2024-12-08
1416,27,4,1,2,2024-12-08 18:20,2024-12-08 19:36,4593,0.0,414,completed,2024-12-08,2024-12-08
1417,27,3,1,1,2024-12-11 06:45,2024-12-11 08:04,4768,23.1,293,completed,2024-12-11,2024-12-11
1418,27,3,1,3,2024-12-13 05:54,2024-12-13 07:23,5363,12.0,441,completed,2024-12-13,2024-12-13
1419,27,5,2,1,2024-12-13 09:20,2024-12-13 10:45,5103,1.1,549,completed,2024-12-13,2024-12-13
1420,27,5,2,1,2024-12-14 11:41,2024-12-14 13:01,4817,1.1,212,completed,2024-12-14,2024-12-14
1421,27,1,2,1,2024-12-15 05:06,2024-12-15 06:11,3908,5.7,385,completed,2024-12-15,2024-12-15
1422,27,2,2,2,2024-12-16 07:50,2024-12-16 09:07,4648,3.4,218,completed,2024-12-16,2024-12-16
1423,27,4,1,3,2024-12-16 08:23,2024-12-16 09:21,3528,0.0,218,completed,2024-12-16,2024-12-16
1424,27,4,3,2,2024-12-16 15:35,2024-12-16 16:10,2117,0.0,458,completed,2024-12-16,2024-12-16
1425,27,4,2,1,2024-12-22 13:45,2024-12-22 15:01,4571,0.0,386,completed,2024-12-22,2024-12-22
1426,27,5,1,1,2024-12-24 12:50,2024-12-24 13:54,3895,0.9,160,completed,2024-12-24,2024-12-24
1427,27,2,3,2,2024-12-25 11:42,2024-12-25 12:35,3229,3.8,318,completed,2024-12-25,2024-12-25
1428,27,5,2,2,2024-12-26 10:15,2024-12-26 10:57,2551,1.0,612,completed,2024-12-26,2024-12-26
1429,27,5,2,2,2024-12-26 12:42,2024-12-26 13:21,2371,1.3,628,completed,2024-12-26,2024-12-26
1430,27,4,2,1,2024-12-27 12:40,2024-12-27 13:42,3742,0.0,346,completed,2024-12-27,2024-12-27
1431,27,3,2,1,2024-12-28 15:13,2024-12-28 16:22,4192,24.3,395,completed,2024-12-28,2024-12-28
1432,27,1,3,3,2024-12-31 13:09,2024-12-31 14:04,3352,8.2,303,completed,2024-12-31,2024-12-31
1433,28,4,3,1,2024-10-02 16:49,2024-10-02 18:03,4482,0.0,406,completed,2024-10-02,2024-10-02
1434,28,4,1,1,2024-10-03 07:38,2024-10-03 08:17,2392,0.0,509,completed,2024-10-03,2024-10-03
1435,28,5,1,1,2024-10-04 18:00,2024-10-04 19:29,5377,1.2,448,completed,2024-10-04,2024-10-04
1436,28,4,2,1,2024-10-06 18:21,2024-10-06 19:05,2644,0.0,541,completed,2024-10-06,2024-10-06
1437,28,1,2,3,2024-10-12 13:02,2024-10-12 14:25,5030,6.1,659,completed,2024-10-12,2024-10-12
1438,28,4,1,2,2024-10-12 05:47,2024-10-12 06:54,4061,0.0,154,completed,2024-10-12,2024-10-12
1439,28,4,2,3,2024-10-13 13:14,2024-10-13 14:41,5258,0.0,654,completed,2024-10-13,2024-10-13
1440,28,3,1,3,2024-10-17 05:20,2024-10-17 05:56,2184,18.5,504,completed,2024-10-17,2024-10-17
1441,28,5,2,3,2024-10-17 12:37,2024-10-17 13:19,2550,0.9,183,completed,2024-10-17,2024-10-17
1442,28,5,3,2,2024-10-19 07:31,2024-10-19 08:49,4722,1.1,423,completed,2024-10-19,2024-10-19
1443,28,1,3,1,2024-10-20 17:06,2024-10-20 18:02,3389,6.5,484,completed,2024-10-20,2024-10-20
1444,28,3,3,3,2024-10-25 14:22,2024-10-25 15:06,2645,12.7,269,completed,2024-10-25,2024-10-25
1445,28,2,1,2,2024-10-28 07:40,2024-10-28 09:04,5061,3.2,391,completed,2024-10-28,2024-10-28
1446,28,4,2,1,2024-10-30 10:16,2024-10-30 11:31,4503,0.0,160,completed,2024-10-30,2024-10-30
1447,28,3,1,2,2024-10-30 15:43,2024-10-30 16:30,2824,13.8,682,completed,2024-10-30,2024-10-30
1448,28,4,2,1,2024-11-07 07:30,2024-11-07 08:08,2325,0.0,448,completed,2024-11-07,2024-11-07
1449,28,1,3,1,2024-11-08 14:50,2024-11-08 15:35,2753,8.6,460,completed,2024-11-08,2024-11-08
1450,28,5,1,3,2024-11-10 10:40,2024-11-10 11:44,3842,1.0,665,completed,2024-11-10,2024-11-10
1451,28,4,3,1,2024-11-11 17:46,2024-11-11 18:56,4255,0.0,487,completed,2024-11-11,2024-11-11
1452,28,3,2,3,2024-11-11 15:48,2024-11-11 16:41,3209,21.7,578,completed,2024-11-11,2024-11-11
1453,28,4,2,2,2024-11-12 13:33,2024-11-12 14:27,3293,0.0,252,completed,2024-11-12,2024-11-12
1454,28,2,1,3,2024-11-14 06:40,2024-11-14 07:34,3283,3.7,596,completed,2024-11-14,2024-11-14
1455,28,3,2,1,2024-11-15 08:00,2024-11-15 09:15,4507,19.4,196,completed,2024-11-15,2024-11-15
1456,28,5,2,3,2024-11-15 08:08,2024-11-15 09:18,4206,1.2,161,completed,2024-11-15,2024-11-15
1457,28,2,1,2,2024-11-18 16:46,2024-11-18 17:29,2589,2.9,398,completed,2024-11-18,2024-11-18
1458,28,3,3,1,2024-11-22 16:27,2024-11-22 17:25,3519,19.5,671,completed,2024-11-22,2024-11-22
1459,28,2,2,3,2024-11-27 17:19,2024-11-27 18:04,2710,3.7,344,completed,2024-11-27,2024-11-27
1460,28,4,1,2,2024-12-02 05:10,2024-12-02 06:18,4119,0.0,282,completed,2024-12-02,2024-12-02
1461,28,5,3,3,2024-12-04 09:54,2024-12-04 10:31,2263,1.3,251,completed,2024-12-04,2024-12-04
1462,28,5,2,3,2024-12-05 07:48,2024-12-05 09:07,4778,1.2,229,completed,2024-12-05,2024-12-05
1463,28,4,3,2,2024-12-06 10:32,2024-12-06 11:22,3038,0.0,583,completed,2024-12-06,2024-12-06
1464,28,5,3,1,2024-12-06 12:34,2024-12-06 13:28,3261,0.8,185,completed,2024-12-06,2024-12-06
1465,28,2,3,1,2024-12-09 13:17,2024-12-09 13:48,1917,2.2,387,completed,2024-12-09,2024-12-09
1466,28,4,3,1,2024-12-11 13:35,2024-12-11 14:48,4396,0.0,475,completed,2024-12-11,2024-12-11
1467,28,2,1,1,2024-12-15 14:01,2024-12-15 15:06,3957,3.4,249,completed,2024-12-15,2024-12-15
1468,28,5,1,2,2024-12-16 13:54,2024-12-16 15:03,4190,1.0,195,completed,2024-12-16,2024-12-16
1469,28,4,2,3,2024-12-18 15:29,2024-12-18 16:29,3652,0.0,683,completed,2024-12-18,2024-12-18
1470,28,1,1,3,2024-12-18 08:53,2024-12-18 10:05,4331,7.4,474,completed,2024-12-18,2024-12-18
1471,28,5,1,1,2024-12-19 08:05,2024-12-19 09:28,5011,1.3,222,completed,2024-12-19,2024-12-19
1472,28,1,2,3,2024-12-25 06:04,2024-12-25 06:52,2899,8.8,668,completed,2024-12-25,2024-12-25
1473,28,3,2,2,2024-12-26 15:10,2024-12-26 15:53,2625,13.8,335,completed,2024-12-26,2024-12-26
1474,28,3,1,3,2024-12-27 13:46,2024-12-27 15:07,4885,12.1,484,completed,2024-12-27,2024-12-27
1475,28,3,3,2,2024-12-28 17:37,2024-12-28 18:36,3563,21.0,181,completed,2024-12-28,2024-12-28
1476,28,1,2,1,2024-12-29 12:54,2024-12-29 13:50,3412,9.8,299,completed,2024-12-29,2024-12-29
1477,29,2,3,1,2024-10-06 08:27,2024-10-06 09:54,5221,2.8,315,completed,2024-10-06,2024-10-06
1478,29,4,2,3,2024-10-06 14:51,2024-10-06 15:37,2766,0.0,423,completed,2024-10-06,2024-10-06
1479,29,2,3,3,2024-10-06 06:22,2024-10-06 07:00,2325,2.4,592,completed,2024-10-06,2024-10-06
1480,29,2,3,1,2024-10-10 12:48,2024-10-10 14:08,4801,2.5,623,completed,2024-10-10,2024-10-10
1481,29,5,2,2,2024-10-12 09:56,2024-10-12 11:05,4146,1.3,535,completed,2024-10-12,2024-10-12
1482,29,3,1,3,2024-10-12 10:48,2024-10-12 11:35,2833,16.8,271,completed,2024-10-12,2024-10-12
1483,29,4,2,3,2024-10-14 12:44,2024-10-14 13:48,3880,0.0,525,completed,2024-10-14,2024-10-14
1484,29,4,2,1,2024-10-14 12:03,2024-10-14 13:31,5329,0.0,318,completed,2024-10-14,2024-10-14
1485,29,5,2,2,2024-10-16 16:47,2024-10-16 17:24,2222,0.8,488,completed,2024-10-16,2024-10-16
1486,29,1,3,1,2024-10-17 09:34,2024-10-17 10:50,4599,5.4,644,completed,2024-10-17,2024-10-17
1487,29,4,1,3,2024-10-19 12:11,2024-10-19 12:41,1834,0.0,490,completed,2024-10-19,2024-10-19
1488,29,4,3,2,2024-10-19 17:34,2024-10-19 18:33,3575,0.0,573,completed,2024-10-19,2024-10-19
1489,29,5,2,2,2024-10-20 10:18,2024-10-20 11:16,3508,1.4,304,completed,2024-10-20,2024-10-20
1490,29,3,2,2,2024-10-21 10:59,2024-10-21 11:48,2947,21.1,408,completed,2024-10-21,2024-10-21
1491,29,3,2,1,2024-10-21 13:58,2024-10-21 15:13,4508,12.5,324,completed,2024-10-21,2024-10-21
1492,29,2,1,3,2024-10-22 11:40,2024-10-22 13:07,5258,3.4,658,completed,2024-10-22,2024-10-22
1493,29,5,1,2,2024-10-22 08:25,2024-10-22 08:59,2053,0.8,510,completed,2024-10-22,2024-10-22
1494,29,1,2,2,2024-10-24 15:26,2024-10-24 16:37,4303,7.7,436,completed,2024-10-24,2024-10-24
1495,29,2,2,1,2024-10-25 14:23,2024-10-25 15:31,4132,3.9,288,completed,2024-10-25,2024-10-25
1496,29,5,2,3,2024-10-25 16:53,2024-10-25 17:36,2621,0.6,608,completed,2024-10-25,2024-10-25
1497,29,4,3,2,2024-10-31 13:17,2024-10-31 14:01,2657,0.0,268,completed,2024-10-31,2024-10-31
1498,29,5,1,1,2024-10-31 18:48,2024-10-31 20:15,5277,1.0,672,completed,2024-10-31,2024-10-31
1499,29,2,2,1,2024-10-31 16:13,2024-10-31 17:04,3110,3.5,566,completed,2024-10-31,2024-10-31
1500,29,5,1,2,2024-11-01 13:54,2024-11-01 14:32,2294,0.8,502,completed,2024-11-01,2024-11-01
1501,29,2,1,2,2024-11-01 13:38,2024-11-01 14:09,1907,2.9,249,completed,2024-11-01,2024-11-01
1502,29,3,1,2,2024-11-02 15:30,2024-11-02 16:43,4419,19.4,411,completed,2024-11-02,2024-11-02
1503,29,1,3,3,2024-11-03 10:19,2024-11-03 11:19,3650,9.1,402,completed,2024-11-03,2024-11-03
1504,29,2,2,3,2024-11-04 12:59,2024-11-04 14:26,5230,3.4,431,completed,2024-11-04,2024-11-04
1505,29,5,2,1,2024-11-07 17:43,2024-11-07 18:29,2795,0.6,461,completed,2024-11-07,2024-11-07
1506,29,3,2,1,2024-11-13 05:35,2024-11-13 06:43,4091,16.3,316,completed,2024-11-13,2024-11-13
1507,29,2,3,3,2024-11-14 17:52,2024-11-14 18:46,3274,2.7,540,completed,2024-11-14,2024-11-14
1508,29,5,1,3,2024-11-14 08:26,2024-11-14 09:12,2775,1.3,163,completed,2024-11-14,2024-11-14
1509,29,1,1,1,2024-11-17 18:24,2024-11-17 19:17,3212,9.7,458,completed,2024-11-17,2024-11-17
1510,29,1,2,2,2024-11-19 10:10,2024-11-19 10:43,1980,8.5,436,completed,2024-11-19,2024-11-19
1511,29,5,1,2,2024-11-24 05:41,2024-11-24 06:41,3626,1.2,267,completed,2024-11-24,2024-11-24
1512,29,5,1,2,2024-11-27 08:25,2024-11-27 09:10,2736,1.2,492,completed,2024-11-27,2024-11-27
1513,29,3,3,3,2024-11-28 10:25,2024-11-28 10:55,1802,23.3,205,completed,2024-11-28,2024-11-28
1514,29,2,1,2,2024-11-28 06:21,2024-11-28 07:36,4503,3.9,442,completed,2024-11-28,2024-11-28
1515,29,3,3,3,2024-11-29 12:22,2024-11-29 12:58,2212,17.5,219,completed,2024-11-29,2024-11-29
1516,29,5,3,3,2024-11-29 13:26,2024-11-29 14:11,2743,1.0,363,completed,2024-11-29,2024-11-29
1517,29,3,1,3,2024-12-01 08:56,2024-12-01 09:38,2536,22.2,430,completed,2024-12-01,2024-12-01
1518,29,4,3,2,2024-12-03 18:54,2024-12-03 20:13,4764,0.0,518,completed,2024-12-03,2024-12-03
1519,29,2,3,1,2024-12-07 17:53,2024-12-07 18:26,1985,2.8,239,completed,2024-12-07,2024-12-07
1520,29,5,1,3,2024-12-12 11:57,2024-12-12 13:11,4485,0.6,512,completed,2024-12-12,2024-12-12
1521,29,5,3,3,2024-12-17 05:51,2024-12-17 06:44,3233,0.9,263,completed,2024-12-17,2024-12-17
1522,29,5,1,3,2024-12-18 11:53,2024-12-18 13:08,4538,1.4,286,completed,2024-12-18,2024-12-18
1523,29,3,1,2,2024-12-19 17:49,2024-12-19 19:00,4265,15.0,375,completed,2024-12-19,2024-12-19
1524,29,3,2,1,2024-12-20 06:07,2024-12-20 07:19,4327,19.3,652,completed,2024-12-20,2024-12-20
1525,29,1,2,1,2024-12-20 08:29,2024-12-20 09:48,4774,6.7,662,completed,2024-12-20,2024-12-20
1526,29,3,2,2,2024-12-22 12:07,2024-12-22 13:20,4435,24.3,436,completed,2024-12-22,2024-12-22
1527,29,5,3,2,2024-12-23 16:16,2024-12-23 17:34,4718,1.3,406,completed,2024-12-23,2024-12-23
1528,29,4,2,1,2024-12-23 05:08,2024-12-23 05:42,2099,0.0,321,completed,2024-12-23,2024-12-23
1529,29,5,3,3,2024-12-24 16:08,2024-12-24 17:15,4028,1.2,251,completed,2024-12-24,2024-12-24
1530,29,3,3,3,2024-12-26 05:53,2024-12-26 07:09,4611,13.6,197,completed,2024-12-26,2024-12-26
1531,29,4,3,2,2024-12-26 12:18,2024-12-26 13:24,3991,0.0,636,completed,2024-12-26,2024-12-26
1532,29,2,3,3,2024-12-27 10:22,2024-12-27 11:31,4159,2.3,167,completed,2024-12-27,2024-12-27
1533,29,4,1,1,2024-12-28 14:17,2024-12-28 15:32,4505,0.0,652,completed,2024-12-28,2024-12-28
1534,29,2,3,2,2024-12-29 06:16,2024-12-29 06:54,2312,2.7,200,completed,2024-12-29,2024-12-29
1535,29,1,2,1,2024-12-30 12:05,2024-12-30 12:44,2384,8.3,436,completed,2024-12-30,2024-12-30
1536,29,2,2,2,2024-12-31 14:01,2024-12-31 14:54,3231,2.6,256,completed,2024-12-31,2024-12-31
1537,29,3,1,1,2024-12-31 17:39,2024-12-31 18:24,2719,13.6,531,completed,2024-12-31,2024-12-31
1538,30,3,3,3,2024-10-01 14:29,2024-10-01 15:46,4641,13.3,196,completed,2024-10-01,2024-10-01
1539,30,2,2,2,2024-10-04 15:35,2024-10-04 16:38,3839,2.3,695,completed,2024-10-04,2024-10-04
1540,30,3,1,1,2024-10-14 09:45,2024-10-14 10:42,3429,20.1,257,completed,2024-10-14,2024-10-14
1541,30,1,1,2,2024-10-15 12:29,2024-10-15 13:05,2205,5.3,518,completed,2024-10-15,2024-10-15
1542,30,3,2,3,2024-10-18 09:53,2024-10-18 10:27,2088,13.4,679,completed,2024-10-18,2024-10-18
1543,30,3,3,3,2024-10-20 16:49,2024-10-20 17:46,3446,13.7,525,completed,2024-10-20,2024-10-20
1544,30,2,3,1,2024-10-21 16:22,2024-10-21 17:35,4424,3.9,682,completed,2024-10-21,2024-10-21
1545,30,1,2,2,2024-10-22 06:38,2024-10-22 07:56,4719,5.5,581,completed,2024-10-22,2024-10-22
1546,30,5,1,2,2024-10-24 17:02,2024-10-24 18:03,3717,0.7,567,completed,2024-10-24,2024-10-24
1547,30,5,3,3,2024-10-29 10:02,2024-10-29 11:28,5208,1.0,279,completed,2024-10-29,2024-10-29
1548,30,4,3,2,2024-11-02 06:26,2024-11-02 07:00,2091,0.0,210,completed,2024-11-02,2024-11-02
1549,30,1,2,3,2024-11-04 08:52,2024-11-04 09:22,1825,9.7,283,completed,2024-11-04,2024-11-04
1550,30,3,1,1,2024-11-10 09:10,2024-11-10 09:44,2085,20.9,465,completed,2024-11-10,2024-11-10
1551,30,5,2,2,2024-11-11 12:46,2024-11-11 14:15,5353,0.5,621,completed,2024-11-11,2024-11-11
1552,30,5,2,1,2024-11-11 08:22,2024-11-11 08:55,1981,0.8,374,completed,2024-11-11,2024-11-11
1553,30,3,1,2,2024-11-12 08:39,2024-11-12 09:30,3062,14.6,271,completed,2024-11-12,2024-11-12
1554,30,5,1,1,2024-11-13 17:38,2024-11-13 18:25,2821,0.7,327,completed,2024-11-13,2024-11-13
1555,30,3,1,3,2024-11-15 17:25,2024-11-15 18:26,3686,17.9,251,completed,2024-11-15,2024-11-15
1556,30,4,1,3,2024-11-18 06:01,2024-11-18 07:30,5391,0.0,389,completed,2024-11-18,2024-11-18
1557,30,3,3,3,2024-11-24 09:36,2024-11-24 10:14,2293,18.9,418,completed,2024-11-24,2024-11-24
1558,30,4,1,3,2024-11-28 16:42,2024-11-28 17:57,4532,0.0,512,completed,2024-11-28,2024-11-28
1559,30,1,2,3,2024-11-30 05:59,2024-11-30 06:31,1927,8.9,584,completed,2024-11-30,2024-11-30
1560,30,5,1,2,2024-12-03 13:39,2024-12-03 14:56,4666,1.0,523,completed,2024-12-03,2024-12-03
1561,30,2,2,1,2024-12-04 14:05,2024-12-04 15:14,4164,3.5,696,completed,2024-12-04,2024-12-04
1562,30,3,3,2,2024-12-05 17:38,2024-12-05 18:45,4022,14.8,427,completed,2024-12-05,2024-12-05
1563,30,5,1,2,2024-12-06 17:01,2024-12-06 17:59,3519,1.4,333,completed,2024-12-06,2024-12-06
1564,30,5,2,2,2024-12-08 13:00,2024-12-08 13:55,3355,1.0,624,completed,2024-12-08,2024-12-08
1565,30,4,2,1,2024-12-09 08:35,2024-12-09 10:01,5215,0.0,510,completed,2024-12-09,2024-12-09
1566,30,4,1,3,2024-12-09 13:23,2024-12-09 13:56,1992,0.0,163,completed,2024-12-09,2024-12-09
1567,30,3,3,3,2024-12-09 16:18,2024-12-09 17:28,4248,13.3,584,completed,2024-12-09,2024-12-09
1568,30,1,2,1,2024-12-16 12:44,2024-12-16 13:43,3554,6.9,315,completed,2024-12-16,2024-12-16
1569,30,4,1,1,2024-12-17 14:22,2024-12-17 14:59,2221,0.0,411,completed,2024-12-17,2024-12-17
1570,30,2,1,3,2024-12-18 16:07,2024-12-18 17:29,4944,3.3,334,completed,2024-12-18,2024-12-18
1571,30,4,1,1,2024-12-23 14:35,2024-12-23 15:40,3911,0.0,160,completed,2024-12-23,2024-12-23
1572,30,2,2,3,2024-12-23 08:40,2024-12-23 09:45,3916,2.1,533,completed,2024-12-23,2024-12-23
1573,30,2,3,3,2024-12-24 05:36,2024-12-24 06:15,2372,4.0,564,completed,2024-12-24,2024-12-24
1574,30,3,2,2,2024-12-25 14:13,2024-12-25 15:36,5001,22.2,356,completed,2024-12-25,2024-12-25
1575,30,1,3,3,2024-12-27 08:20,2024-12-27 09:04,2673,9.2,175,completed,2024-12-27,2024-12-27
1576,30,5,2,3,2024-12-28 07:04,2024-12-28 07:35,1896,0.8,575,completed,2024-12-28,2024-12-28
1577,30,2,3,3,2024-12-28 15:26,2024-12-28 16:11,2701,3.2,264,completed,2024-12-28,2024-12-28
1578,30,1,2,1,2024-12-28 17:34,2024-12-28 19:03,5378,5.9,177,completed,2024-12-28,2024-12-28
1579,30,5,2,3,2024-12-29 16:08,2024-12-29 17:29,4898,0.8,395,completed,2024-12-29,2024-12-29
1580,31,5,2,3,2024-10-01 11:23,2024-10-01 12:21,3496,0.7,631,completed,2024-10-01,2024-10-01
1581,31,5,1,3,2024-10-03 11:40,2024-10-03 12:33,3193,1.0,639,completed,2024-10-03,2024-10-03
1582,31,5,2,3,2024-10-04 09:22,2024-10-04 10:03,2497,1.4,640,completed,2024-10-04,2024-10-04
1583,31,4,1,1,2024-10-05 06:49,2024-10-05 07:39,3017,0.0,548,completed,2024-10-05,2024-10-05
1584,31,4,3,2,2024-10-10 07:11,2024-10-10 08:13,3722,0.0,501,completed,2024-10-10,2024-10-10
1585,31,5,1,1,2024-10-13 14:05,2024-10-13 15:33,5306,1.2,301,completed,2024-10-13,2024-10-13
1586,31,4,3,2,2024-10-20 08:55,2024-10-20 10:21,5207,0.0,604,completed,2024-10-20,2024-10-20
1587,31,3,3,3,2024-10-21 06:26,2024-10-21 07:28,3764,21.8,182,completed,2024-10-21,2024-10-21
1588,31,1,2,2,2024-10-31 13:03,2024-10-31 14:26,5026,8.6,562,completed,2024-10-31,2024-10-31
1589,31,5,2,3,2024-11-01 17:39,2024-11-01 18:59,4853,1.2,331,completed,2024-11-01,2024-11-01
1590,31,4,2,3,2024-11-02 09:05,2024-11-02 10:26,4867,0.0,243,completed,2024-11-02,2024-11-02
1591,31,4,2,1,2024-11-09 15:29,2024-11-09 16:54,5145,0.0,243,completed,2024-11-09,2024-11-09
1592,31,1,3,1,2024-11-10 14:07,2024-11-10 15:31,5070,5.3,199,completed,2024-11-10,2024-11-10
1593,31,1,3,1,2024-11-13 08:02,2024-11-13 09:11,4147,6.6,231,completed,2024-11-13,2024-11-13
1594,31,2,1,1,2024-11-19 10:02,2024-11-19 11:29,5275,3.5,639,completed,2024-11-19,2024-11-19
1595,31,4,2,3,2024-11-19 15:17,2024-11-19 15:56,2344,0.0,547,completed,2024-11-19,2024-11-19
1596,31,4,2,1,2024-11-19 13:06,2024-11-19 14:26,4841,0.0,612,completed,2024-11-19,2024-11-19
1597,31,2,1,3,2024-11-22 05:54,2024-11-22 06:52,3482,2.6,292,completed,2024-11-22,2024-11-22
1598,31,4,1,2,2024-11-26 16:08,2024-11-26 17:10,3757,0.0,239,completed,2024-11-26,2024-11-26
1599,31,3,1,3,2024-11-30 17:34,2024-11-30 18:26,3165,19.7,483,completed,2024-11-30,2024-11-30
1600,31,1,3,3,2024-12-02 14:35,2024-12-02 15:31,3389,7.7,257,completed,2024-12-02,2024-12-02
1601,31,5,3,2,2024-12-07 18:16,2024-12-07 19:36,4813,1.0,628,completed,2024-12-07,2024-12-07
1602,31,1,3,3,2024-12-11 18:29,2024-12-11 19:25,3417,9.9,167,completed,2024-12-11,2024-12-11
1603,31,1,1,1,2024-12-12 09:26,2024-12-12 10:42,4595,9.1,592,completed,2024-12-12,2024-12-12
1604,31,5,3,1,2024-12-13 08:19,2024-12-13 09:31,4364,1.2,221,completed,2024-12-13,2024-12-13
1605,31,5,2,1,2024-12-17 14:18,2024-12-17 14:50,1926,0.6,540,completed,2024-12-17,2024-12-17
1606,31,2,3,2,2024-12-18 17:10,2024-12-18 18:29,4775,3.7,233,completed,2024-12-18,2024-12-18
1607,31,3,3,2,2024-12-18 17:31,2024-12-18 18:44,4406,13.2,448,completed,2024-12-18,2024-12-18
1608,31,2,2,2,2024-12-18 06:06,2024-12-18 07:02,3391,2.1,241,completed,2024-12-18,2024-12-18
1609,31,3,3,3,2024-12-23 15:56,2024-12-23 17:18,4971,18.6,664,completed,2024-12-23,2024-12-23
1610,31,5,2,1,2024-12-24 14:49,2024-12-24 15:36,2854,1.1,376,completed,2024-12-24,2024-12-24
1611,31,4,2,2,2024-12-28 09:43,2024-12-28 11:00,4643,0.0,333,completed,2024-12-28,2024-12-28
1612,31,2,1,3,2024-12-28 16:03,2024-12-28 16:33,1828,3.5,663,completed,2024-12-28,2024-12-28
1613,31,4,1,2,2024-12-29 08:57,2024-12-29 10:09,4339,0.0,347,completed,2024-12-29,2024-12-29
1614,31,4,2,3,2024-12-29 18:56,2024-12-29 20:10,4497,0.0,468,completed,2024-12-29,2024-12-29
1615,31,2,3,3,2024-12-30 17:17,2024-12-30 18:06,2948,3.2,675,completed,2024-12-30,2024-12-30
1616,31,1,2,1,2024-12-31 17:52,2024-12-31 18:42,3017,5.3,568,completed,2024-12-31,2024-12-31
1617,32,3,3,3,2024-10-02 07:42,2024-10-02 09:05,5019,18.9,664,completed,2024-10-02,2024-10-02
1618,32,2,2,2,2024-10-02 14:34,2024-10-02 15:47,4380,2.8,178,completed,2024-10-02,2024-10-02
1619,32,1,3,1,2024-10-06 06:53,2024-10-06 08:13,4818,7.9,340,completed,2024-10-06,2024-10-06
1620,32,1,1,2,2024-10-08 13:11,2024-10-08 14:18,4045,9.8,591,completed,2024-10-08,2024-10-08
1621,32,3,1,2,2024-10-08 08:20,2024-10-08 09:36,4560,19.9,182,completed,2024-10-08,2024-10-08
1622,32,3,2,1,2024-10-09 07:30,2024-10-09 08:44,4478,23.3,632,completed,2024-10-09,2024-10-09
1623,32,1,2,3,2024-10-09 08:31,2024-10-09 09:04,1994,7.1,521,completed,2024-10-09,2024-10-09
1624,32,5,2,2,2024-10-09 09:09,2024-10-09 10:18,4147,1.3,406,completed,2024-10-09,2024-10-09
1625,32,3,1,3,2024-10-10 06:43,2024-10-10 07:24,2502,12.0,437,completed,2024-10-10,2024-10-10
1626,32,5,1,3,2024-10-12 16:00,2024-10-12 17:25,5156,1.0,216,completed,2024-10-12,2024-10-12
1627,32,2,3,3,2024-10-13 17:52,2024-10-13 18:41,2995,3.7,506,completed,2024-10-13,2024-10-13
1628,32,1,3,3,2024-10-16 13:58,2024-10-16 15:09,4307,6.5,449,completed,2024-10-16,2024-10-16
1629,32,2,2,2,2024-10-19 08:14,2024-10-19 09:38,5072,3.9,641,completed,2024-10-19,2024-10-19
1630,32,1,1,3,2024-10-21 14:37,2024-10-21 15:49,4374,9.1,207,completed,2024-10-21,2024-10-21
1631,32,2,2,3,2024-10-23 15:35,2024-10-23 17:02,5231,3.6,280,completed,2024-10-23,2024-10-23
1632,32,4,1,2,2024-10-26 09:27,2024-10-26 10:48,4861,0.0,612,completed,2024-10-26,2024-10-26
1633,32,2,2,2,2024-10-27 07:05,2024-10-27 08:04,3583,3.1,154,completed,2024-10-27,2024-10-27
1634,32,2,2,3,2024-10-27 06:14,2024-10-27 06:58,2683,2.7,373,completed,2024-10-27,2024-10-27
1635,32,5,2,2,2024-11-01 05:50,2024-11-01 07:05,4516,1.2,477,completed,2024-11-01,2024-11-01
1636,32,2,3,3,2024-11-02 17:45,2024-11-02 19:00,4543,3.7,290,completed,2024-11-02,2024-11-02
1637,32,4,3,3,2024-11-02 15:36,2024-11-02 16:28,3146,0.0,654,completed,2024-11-02,2024-11-02
1638,32,5,3,3,2024-11-07 09:49,2024-11-07 10:39,3021,0.8,533,completed,2024-11-07,2024-11-07
1639,32,2,2,1,2024-11-12 14:14,2024-11-12 14:46,1924,3.8,296,completed,2024-11-12,2024-11-12
1640,32,3,3,2,2024-11-12 10:01,2024-11-12 10:48,2831,15.0,467,completed,2024-11-12,2024-11-12
1641,32,4,3,3,2024-11-18 10:03,2024-11-18 10:56,3181,0.0,270,completed,2024-11-18,2024-11-18
1642,32,2,1,3,2024-11-20 17:21,2024-11-20 18:40,4742,3.0,260,completed,2024-11-20,2024-11-20
1643,32,5,2,3,2024-11-24 05:43,2024-11-24 06:14,1911,1.1,185,completed,2024-11-24,2024-11-24
1644,32,1,1,3,2024-11-26 17:12,2024-11-26 18:22,4204,6.0,349,completed,2024-11-26,2024-11-26
1645,32,2,3,1,2024-11-27 17:44,2024-11-27 19:01,4646,3.2,411,completed,2024-11-27,2024-11-27
1646,32,3,3,2,2024-12-05 12:48,2024-12-05 13:42,3288,17.2,307,completed,2024-12-05,2024-12-05
1647,32,5,3,2,2024-12-06 06:56,2024-12-06 07:55,3596,1.5,325,completed,2024-12-06,2024-12-06
1648,32,1,2,2,2024-12-10 06:52,2024-12-10 08:16,5099,5.0,501,completed,2024-12-10,2024-12-10
1649,32,1,2,3,2024-12-15 10:23,2024-12-15 11:34,4299,9.0,662,completed,2024-12-15,2024-12-15
1650,32,5,1,2,2024-12-15 10:08,2024-12-15 11:15,4053,1.3,575,completed,2024-12-15,2024-12-15
1651,32,2,3,3,2024-12-16 09:09,2024-12-16 09:52,2602,2.2,264,completed,2024-12-16,2024-12-16
1652,32,4,1,1,2024-12-17 09:41,2024-12-17 11:10,5369,0.0,407,completed,2024-12-17,2024-12-17
1653,32,5,3,2,2024-12-18 06:36,2024-12-18 07:49,4421,0.6,538,completed,2024-12-18,2024-12-18
1654,32,5,2,2,2024-12-21 06:08,2024-12-21 06:52,2675,1.0,678,completed,2024-12-21,2024-12-21
1655,32,2,1,1,2024-12-21 14:15,2024-12-21 15:16,3714,2.3,173,completed,2024-12-21,2024-12-21
1656,32,3,1,1,2024-12-21 07:10,2024-12-21 08:25,4518,15.0,498,completed,2024-12-21,2024-12-21
1657,32,3,1,1,2024-12-22 10:20,2024-12-22 11:42,4951,13.0,508,completed,2024-12-22,2024-12-22
1658,32,3,2,3,2024-12-22 07:45,2024-12-22 08:30,2746,24.0,651,completed,2024-12-22,2024-12-22
1659,32,5,1,3,2024-12-26 16:16,2024-12-26 17:43,5273,1.3,574,completed,2024-12-26,2024-12-26
1660,32,3,2,2,2024-12-27 05:06,2024-12-27 06:17,4309,16.7,295,completed,2024-12-27,2024-12-27
1661,32,1,1,2,2024-12-27 18:55,2024-12-27 19:35,2414,9.8,570,completed,2024-12-27,2024-12-27
1662,32,1,2,3,2024-12-28 18:54,2024-12-28 20:14,4827,8.0,269,completed,2024-12-28,2024-12-28
1663,32,2,1,3,2024-12-30 09:26,2024-12-30 10:18,3172,2.8,281,completed,2024-12-30,2024-12-30
1664,33,5,1,1,2024-10-02 11:42,2024-10-02 12:19,2265,1.0,530,completed,2024-10-02,2024-10-02
1665,33,2,3,2,2024-10-06 10:31,2024-10-06 11:55,5067,3.4,261,completed,2024-10-06,2024-10-06
1666,33,4,3,2,2024-10-06 10:36,2024-10-06 11:47,4294,0.0,657,completed,2024-10-06,2024-10-06
1667,33,4,2,3,2024-10-07 14:41,2024-10-07 15:25,2642,0.0,261,completed,2024-10-07,2024-10-07
1668,33,4,3,3,2024-10-09 11:07,2024-10-09 12:12,3944,0.0,504,completed,2024-10-09,2024-10-09
1669,33,3,1,3,2024-10-10 13:47,2024-10-10 14:55,4099,12.2,156,completed,2024-10-10,2024-10-10
1670,33,5,2,2,2024-10-12 06:07,2024-10-12 06:49,2550,0.6,372,completed,2024-10-12,2024-10-12
1671,33,4,1,1,2024-10-13 14:26,2024-10-13 15:52,5165,0.0,381,completed,2024-10-13,2024-10-13
1672,33,2,1,2,2024-10-13 05:29,2024-10-13 06:00,1914,2.5,520,completed,2024-10-13,2024-10-13
1673,33,3,3,3,2024-10-13 12:29,2024-10-13 13:51,4959,13.3,602,completed,2024-10-13,2024-10-13
1674,33,4,3,3,2024-10-14 17:49,2024-10-14 18:57,4129,0.0,328,completed,2024-10-14,2024-10-14
1675,33,5,1,3,2024-10-15 08:07,2024-10-15 08:55,2916,0.7,509,completed,2024-10-15,2024-10-15
1676,33,3,2,2,2024-10-15 15:33,2024-10-15 16:48,4559,13.8,315,completed,2024-10-15,2024-10-15
1677,33,3,3,2,2024-10-21 11:13,2024-10-21 12:12,3570,18.3,560,completed,2024-10-21,2024-10-21
1678,33,1,3,3,2024-10-22 16:08,2024-10-22 17:35,5261,9.4,415,completed,2024-10-22,2024-10-22
1679,33,4,2,1,2024-10-26 08:39,2024-10-26 10:06,5255,0.0,636,completed,2024-10-26,2024-10-26
1680,33,5,1,2,2024-10-26 06:22,2024-10-26 06:59,2272,0.9,163,completed,2024-10-26,2024-10-26
1681,33,2,2,2,2024-10-27 15:29,2024-10-27 16:36,4035,3.4,316,completed,2024-10-27,2024-10-27
1682,33,3,1,2,2024-10-27 11:45,2024-10-27 12:46,3705,23.2,378,completed,2024-10-27,2024-10-27
1683,33,5,3,3,2024-10-28 05:53,2024-10-28 06:48,3325,0.6,315,completed,2024-10-28,2024-10-28
1684,33,4,1,1,2024-10-29 11:08,2024-10-29 12:24,4587,0.0,482,completed,2024-10-29,2024-10-29
1685,33,3,1,2,2024-10-29 15:53,2024-10-29 16:56,3800,17.8,436,completed,2024-10-29,2024-10-29
1686,33,2,1,1,2024-10-29 17:09,2024-10-29 18:17,4084,2.6,187,completed,2024-10-29,2024-10-29
1687,33,2,1,1,2024-10-30 11:21,2024-10-30 12:13,3156,3.4,532,completed,2024-10-30,2024-10-30
1688,33,3,2,3,2024-10-31 14:47,2024-10-31 15:18,1897,19.2,286,completed,2024-10-31,2024-10-31
1689,33,3,1,1,2024-11-02 05:03,2024-11-02 06:02,3542,22.2,416,completed,2024-11-02,2024-11-02
1690,33,1,2,1,2024-11-02 10:29,2024-11-02 11:39,4210,6.4,506,completed,2024-11-02,2024-11-02
1691,33,3,1,1,2024-11-05 18:31,2024-11-05 19:22,3114,12.1,383,completed,2024-11-05,2024-11-05
1692,33,4,3,3,2024-11-11 07:00,2024-11-11 07:44,2688,0.0,258,completed,2024-11-11,2024-11-11
1693,33,4,3,1,2024-11-12 08:48,2024-11-12 10:03,4535,0.0,471,completed,2024-11-12,2024-11-12
1694,33,1,1,2,2024-11-18 16:49,2024-11-18 17:33,2677,5.5,227,completed,2024-11-18,2024-11-18
1695,33,2,3,2,2024-11-20 08:32,2024-11-20 09:24,3126,2.1,573,completed,2024-11-20,2024-11-20
1696,33,5,2,3,2024-11-20 08:39,2024-11-20 10:02,4991,0.6,185,completed,2024-11-20,2024-11-20
1697,33,1,2,2,2024-11-21 05:46,2024-11-21 06:22,2212,5.3,663,completed,2024-11-21,2024-11-21
1698,33,4,1,2,2024-11-22 17:52,2024-11-22 18:45,3196,0.0,665,completed,2024-11-22,2024-11-22
1699,33,5,3,3,2024-11-24 05:16,2024-11-24 06:29,4418,0.6,331,completed,2024-11-24,2024-11-24
1700,33,4,1,1,2024-11-25 17:30,2024-11-25 18:13,2606,0.0,642,completed,2024-11-25,2024-11-25
1701,33,3,2,3,2024-11-27 09:41,2024-11-27 10:50,4156,12.1,536,completed,2024-11-27,2024-11-27
1702,33,2,1,2,2024-11-27 16:05,2024-11-27 17:22,4658,2.2,543,completed,2024-11-27,2024-11-27
1703,33,1,1,1,2024-11-29 15:46,2024-11-29 16:58,4334,7.0,561,completed,2024-11-29,2024-11-29
1704,33,4,3,1,2024-11-29 15:36,2024-11-29 16:25,2990,0.0,338,completed,2024-11-29,2024-11-29
1705,33,5,1,2,2024-12-01 15:07,2024-12-01 16:13,3996,1.2,698,completed,2024-12-01,2024-12-01
1706,33,3,1,2,2024-12-01 09:19,2024-12-01 10:17,3483,18.7,213,completed,2024-12-01,2024-12-01
1707,33,2,1,2,2024-12-01 13:41,2024-12-01 14:26,2725,2.2,459,completed,2024-12-01,2024-12-01
1708,33,4,2,2,2024-12-02 09:51,2024-12-02 10:46,3303,0.0,305,completed,2024-12-02,2024-12-02
1709,33,4,1,2,2024-12-04 17:47,2024-12-04 18:56,4157,0.0,657,completed,2024-12-04,2024-12-04
1710,33,4,2,1,2024-12-04 10:59,2024-12-04 11:31,1933,0.0,460,completed,2024-12-04,2024-12-04
1711,33,1,1,2,2024-12-04 13:57,2024-12-04 15:18,4891,9.3,333,completed,2024-12-04,2024-12-04
1712,33,2,1,2,2024-12-04 05:06,2024-12-04 06:02,3388,3.0,358,completed,2024-12-04,2024-12-04
1713,33,3,3,2,2024-12-05 06:25,2024-12-05 07:51,5176,22.9,556,completed,2024-12-05,2024-12-05
1714,33,3,2,2,2024-12-09 18:37,2024-12-09 19:10,1985,16.5,411,completed,2024-12-09,2024-12-09
1715,33,4,3,2,2024-12-13 15:08,2024-12-13 15:53,2747,0.0,688,completed,2024-12-13,2024-12-13
1716,33,2,3,1,2024-12-17 17:21,2024-12-17 18:21,3630,3.5,642,completed,2024-12-17,2024-12-17
1717,33,1,3,3,2024-12-18 08:08,2024-12-18 09:28,4819,7.2,171,completed,2024-12-18,2024-12-18
1718,33,5,2,1,2024-12-19 15:20,2024-12-19 16:13,3196,0.7,272,completed,2024-12-19,2024-12-19
1719,33,3,1,1,2024-12-20 09:52,2024-12-20 10:30,2310,19.1,466,completed,2024-12-20,2024-12-20
1720,33,3,2,3,2024-12-28 09:34,2024-12-28 10:46,4355,20.0,622,completed,2024-12-28,2024-12-28
1721,33,2,3,1,2024-12-30 12:35,2024-12-30 13:44,4155,3.4,652,completed,2024-12-30,2024-12-30
1722,33,4,2,2,2024-12-30 11:00,2024-12-30 11:54,3287,0.0,567,completed,2024-12-30,2024-12-30
1723,34,1,1,3,2024-10-01 14:26,2024-10-01 15:01,2127,9.1,376,completed,2024-10-01,2024-10-01
1724,34,3,1,3,2024-10-10 12:45,2024-10-10 13:15,1800,18.1,264,completed,2024-10-10,2024-10-10
1725,34,2,1,1,2024-10-10 11:34,2024-10-10 12:49,4504,3.6,462,completed,2024-10-10,2024-10-10
1726,34,1,3,2,2024-10-11 11:08,2024-10-11 12:00,3176,6.7,433,completed,2024-10-11,2024-10-11
1727,34,2,3,3,2024-10-11 08:05,2024-10-11 08:41,2195,3.1,178,completed,2024-10-11,2024-10-11
1728,34,3,3,2,2024-10-12 11:44,2024-10-12 13:11,5267,22.6,381,completed,2024-10-12,2024-10-12
1729,34,2,2,1,2024-10-14 09:15,2024-10-14 10:22,4045,2.1,499,completed,2024-10-14,2024-10-14
1730,34,3,3,3,2024-10-14 13:43,2024-10-14 15:09,5187,12.8,167,completed,2024-10-14,2024-10-14
1731,34,3,2,3,2024-10-17 07:19,2024-10-17 07:53,2056,20.5,192,completed,2024-10-17,2024-10-17
1732,34,1,1,2,2024-10-18 08:19,2024-10-18 09:48,5370,7.9,646,completed,2024-10-18,2024-10-18
1733,34,1,3,2,2024-10-18 17:05,2024-10-18 17:58,3205,8.5,565,completed,2024-10-18,2024-10-18
1734,34,2,3,1,2024-10-20 10:35,2024-10-20 11:08,2025,2.7,475,completed,2024-10-20,2024-10-20
1735,34,2,1,1,2024-10-21 14:46,2024-10-21 15:24,2320,3.4,310,completed,2024-10-21,2024-10-21
1736,34,3,3,1,2024-10-22 11:31,2024-10-22 12:10,2398,14.2,503,completed,2024-10-22,2024-10-22
1737,34,3,3,2,2024-10-22 11:51,2024-10-22 12:48,3435,15.8,269,completed,2024-10-22,2024-10-22
1738,34,1,3,1,2024-10-22 16:35,2024-10-22 17:33,3494,7.2,552,completed,2024-10-22,2024-10-22
1739,34,1,1,3,2024-10-26 10:25,2024-10-26 11:10,2741,7.3,270,completed,2024-10-26,2024-10-26
1740,34,5,2,1,2024-10-26 17:17,2024-10-26 18:38,4872,0.8,592,completed,2024-10-26,2024-10-26
1741,34,5,3,1,2024-10-27 06:20,2024-10-27 07:31,4273,1.3,521,completed,2024-10-27,2024-10-27
1742,34,1,2,2,2024-10-29 17:54,2024-10-29 18:49,3351,8.8,196,completed,2024-10-29,2024-10-29
1743,34,2,2,2,2024-10-30 07:43,2024-10-30 08:22,2362,3.0,486,completed,2024-10-30,2024-10-30
1744,34,2,3,2,2024-10-30 09:09,2024-10-30 09:52,2585,3.4,258,completed,2024-10-30,2024-10-30
1745,34,3,2,3,2024-10-31 06:31,2024-10-31 07:18,2866,18.8,409,completed,2024-10-31,2024-10-31
1746,34,4,3,3,2024-11-01 11:22,2024-11-01 12:40,4702,0.0,661,completed,2024-11-01,2024-11-01
1747,34,1,2,2,2024-11-04 12:09,2024-11-04 13:31,4956,7.9,318,completed,2024-11-04,2024-11-04
1748,34,3,3,2,2024-11-04 17:14,2024-11-04 18:03,2968,18.3,376,completed,2024-11-04,2024-11-04
1749,34,2,1,3,2024-11-08 05:05,2024-11-08 05:47,2563,3.9,524,completed,2024-11-08,2024-11-08
1750,34,3,1,3,2024-11-08 17:57,2024-11-08 18:32,2152,14.4,312,completed,2024-11-08,2024-11-08
1751,34,1,2,3,2024-11-10 07:16,2024-11-10 07:57,2508,6.5,331,completed,2024-11-10,2024-11-10
1752,34,5,1,1,2024-11-13 17:49,2024-11-13 19:15,5210,1.0,407,completed,2024-11-13,2024-11-13
1753,34,3,3,1,2024-11-14 18:20,2024-11-14 19:44,5050,15.3,520,completed,2024-11-14,2024-11-14
1754,34,5,1,3,2024-11-15 15:41,2024-11-15 16:59,4706,1.1,566,completed,2024-11-15,2024-11-15
1755,34,3,3,2,2024-11-16 15:15,2024-11-16 15:56,2471,22.3,336,completed,2024-11-16,2024-11-16
1756,34,4,1,1,2024-11-18 13:40,2024-11-18 15:07,5233,0.0,626,completed,2024-11-18,2024-11-18
1757,34,5,2,3,2024-11-18 09:48,2024-11-18 11:01,4412,0.5,514,completed,2024-11-18,2024-11-18
1758,34,5,2,3,2024-11-20 09:11,2024-11-20 10:03,3126,0.5,465,completed,2024-11-20,2024-11-20
1759,34,2,3,3,2024-11-20 11:48,2024-11-20 13:12,5094,3.7,340,completed,2024-11-20,2024-11-20
1760,34,5,2,1,2024-11-24 18:52,2024-11-24 19:46,3262,1.4,268,completed,2024-11-24,2024-11-24
1761,34,5,3,1,2024-11-28 06:52,2024-11-28 08:13,4901,0.9,174,completed,2024-11-28,2024-11-28
1762,34,1,1,2,2024-11-29 13:06,2024-11-29 14:28,4946,7.7,254,completed,2024-11-29,2024-11-29
1763,34,5,1,1,2024-12-01 13:44,2024-12-01 14:39,3305,1.3,280,completed,2024-12-01,2024-12-01
1764,34,4,3,1,2024-12-02 08:19,2024-12-02 09:28,4188,0.0,264,completed,2024-12-02,2024-12-02
1765,34,4,3,3,2024-12-04 06:59,2024-12-04 08:21,4959,0.0,385,completed,2024-12-04,2024-12-04
1766,34,4,1,3,2024-12-08 14:08,2024-12-08 14:42,2097,0.0,503,completed,2024-12-08,2024-12-08
1767,34,5,3,2,2024-12-14 17:08,2024-12-14 18:22,4474,0.7,397,completed,2024-12-14,2024-12-14
1768,34,3,1,1,2024-12-15 17:52,2024-12-15 18:29,2249,18.6,639,completed,2024-12-15,2024-12-15
1769,34,4,3,2,2024-12-16 12:12,2024-12-16 13:03,3084,0.0,201,completed,2024-12-16,2024-12-16
1770,34,1,3,1,2024-12-18 11:19,2024-12-18 12:31,4331,6.0,665,completed,2024-12-18,2024-12-18
1771,34,4,3,3,2024-12-20 05:26,2024-12-20 06:02,2181,0.0,275,completed,2024-12-20,2024-12-20
1772,34,3,1,1,2024-12-23 05:04,2024-12-23 05:58,3277,13.6,692,completed,2024-12-23,2024-12-23
1773,34,3,3,3,2024-12-24 16:45,2024-12-24 17:39,3275,15.5,190,completed,2024-12-24,2024-12-24
1774,34,3,2,2,2024-12-29 12:50,2024-12-29 13:24,2079,15.7,437,completed,2024-12-29,2024-12-29
1775,34,5,1,1,2024-12-29 10:27,2024-12-29 11:32,3954,0.7,318,completed,2024-12-29,2024-12-29
1776,35,2,2,1,2024-10-02 06:15,2024-10-02 07:41,5178,3.2,164,completed,2024-10-02,2024-10-02
1777,35,5,1,3,2024-10-02 06:12,2024-10-02 07:17,3927,1.1,342,completed,2024-10-02,2024-10-02
1778,35,1,2,2,2024-10-08 18:09,2024-10-08 19:06,3439,9.4,547,completed,2024-10-08,2024-10-08
1779,35,2,1,2,2024-10-10 09:24,2024-10-10 10:21,3445,3.9,276,completed,2024-10-10,2024-10-10
1780,35,2,1,1,2024-10-10 11:25,2024-10-10 12:14,2978,3.4,441,completed,2024-10-10,2024-10-10
1781,35,5,2,2,2024-10-12 12:24,2024-10-12 13:32,4122,0.7,318,completed,2024-10-12,2024-10-12
1782,35,1,2,2,2024-10-12 08:12,2024-10-12 09:37,5128,6.8,400,completed,2024-10-12,2024-10-12
1783,35,2,3,3,2024-10-12 18:48,2024-10-12 20:06,4735,3.5,434,completed,2024-10-12,2024-10-12
1784,35,1,2,2,2024-10-13 14:59,2024-10-13 16:19,4840,5.7,411,completed,2024-10-13,2024-10-13
1785,35,4,1,3,2024-10-16 13:47,2024-10-16 15:15,5338,0.0,616,completed,2024-10-16,2024-10-16
1786,35,1,1,1,2024-10-16 06:45,2024-10-16 08:07,4968,6.0,642,completed,2024-10-16,2024-10-16
1787,35,3,3,3,2024-10-16 05:29,2024-10-16 06:46,4641,19.7,189,completed,2024-10-16,2024-10-16
1788,35,3,3,3,2024-10-17 18:23,2024-10-17 18:58,2159,16.3,289,completed,2024-10-17,2024-10-17
1789,35,2,2,2,2024-10-18 17:02,2024-10-18 18:07,3947,3.9,476,completed,2024-10-18,2024-10-18
1790,35,3,3,3,2024-10-22 18:35,2024-10-22 19:19,2667,17.8,544,completed,2024-10-22,2024-10-22
1791,35,2,1,1,2024-10-22 07:59,2024-10-22 08:42,2608,3.4,483,completed,2024-10-22,2024-10-22
1792,35,2,1,1,2024-10-23 06:51,2024-10-23 08:08,4658,2.4,376,completed,2024-10-23,2024-10-23
1793,35,5,1,2,2024-10-25 16:43,2024-10-25 17:44,3700,0.9,178,completed,2024-10-25,2024-10-25
1794,35,4,3,3,2024-10-25 09:35,2024-10-25 10:12,2275,0.0,452,completed,2024-10-25,2024-10-25
1795,35,2,3,3,2024-10-26 15:44,2024-10-26 16:49,3935,2.8,483,completed,2024-10-26,2024-10-26
1796,35,5,3,1,2024-10-27 05:05,2024-10-27 05:45,2436,1.0,291,completed,2024-10-27,2024-10-27
1797,35,1,1,2,2024-10-29 09:34,2024-10-29 11:02,5321,8.2,348,completed,2024-10-29,2024-10-29
1798,35,3,3,1,2024-10-30 09:53,2024-10-30 10:43,3037,19.1,327,completed,2024-10-30,2024-10-30
1799,35,4,2,1,2024-10-31 16:59,2024-10-31 18:25,5187,0.0,474,completed,2024-10-31,2024-10-31
1800,35,5,1,3,2024-10-31 18:33,2024-10-31 19:33,3608,1.3,670,completed,2024-10-31,2024-10-31
1801,35,4,2,2,2024-10-31 08:48,2024-10-31 10:02,4475,0.0,302,completed,2024-10-31,2024-10-31
1802,35,5,3,3,2024-11-01 15:10,2024-11-01 15:41,1868,1.3,271,completed,2024-11-01,2024-11-01
1803,35,4,2,3,2024-11-01 18:51,2024-11-01 19:24,2009,0.0,468,completed,2024-11-01,2024-11-01
1804,35,3,3,3,2024-11-02 16:31,2024-11-02 17:52,4893,15.5,330,completed,2024-11-02,2024-11-02
1805,35,2,1,3,2024-11-02 13:35,2024-11-02 14:20,2749,3.4,419,completed,2024-11-02,2024-11-02
1806,35,1,3,1,2024-11-03 15:12,2024-11-03 16:06,3261,8.0,540,completed,2024-11-03,2024-11-03
1807,35,5,2,3,2024-11-07 15:38,2024-11-07 16:53,4503,0.7,416,completed,2024-11-07,2024-11-07
1808,35,5,2,3,2024-11-07 08:32,2024-11-07 09:08,2210,1.2,567,completed,2024-11-07,2024-11-07
1809,35,3,1,1,2024-11-08 14:33,2024-11-08 15:36,3808,18.8,393,completed,2024-11-08,2024-11-08
1810,35,5,1,3,2024-11-11 09:14,2024-11-11 10:30,4598,1.1,256,completed,2024-11-11,2024-11-11
1811,35,5,3,1,2024-11-12 08:51,2024-11-12 09:55,3886,0.6,253,completed,2024-11-12,2024-11-12
1812,35,5,3,3,2024-11-12 11:16,2024-11-12 12:06,3020,1.1,527,completed,2024-11-12,2024-11-12
1813,35,3,2,1,2024-11-15 15:17,2024-11-15 15:56,2364,15.5,516,completed,2024-11-15,2024-11-15
1814,35,4,3,1,2024-11-15 10:53,2024-11-15 11:48,3327,0.0,363,completed,2024-11-15,2024-11-15
1815,35,3,2,2,2024-11-17 08:21,2024-11-17 09:38,4670,20.9,654,completed,2024-11-17,2024-11-17
1816,35,2,1,2,2024-11-18 11:04,2024-11-18 11:49,2704,3.8,419,completed,2024-11-18,2024-11-18
1817,35,1,2,2,2024-11-20 10:10,2024-11-20 11:25,4545,6.9,578,completed,2024-11-20,2024-11-20
1818,35,5,2,2,2024-11-22 13:23,2024-11-22 14:05,2560,0.6,322,completed,2024-11-22,2024-11-22
1819,35,1,2,2,2024-11-23 10:47,2024-11-23 11:48,3703,6.5,533,completed,2024-11-23,2024-11-23
1820,35,3,1,3,2024-11-26 05:28,2024-11-26 06:44,4579,18.6,342,completed,2024-11-26,2024-11-26
1821,35,1,3,2,2024-11-27 15:08,2024-11-27 15:53,2752,7.1,559,completed,2024-11-27,2024-11-27
1822,35,2,3,3,2024-11-27 05:49,2024-11-27 06:45,3411,4.0,405,completed,2024-11-27,2024-11-27
1823,35,5,3,2,2024-11-28 05:03,2024-11-28 05:41,2287,1.5,195,completed,2024-11-28,2024-11-28
1824,35,5,1,3,2024-11-29 17:20,2024-11-29 18:04,2658,1.3,356,completed,2024-11-29,2024-11-29
1825,35,1,1,3,2024-11-30 07:03,2024-11-30 08:22,4781,5.5,378,completed,2024-11-30,2024-11-30
1826,35,2,1,3,2024-11-30 06:22,2024-11-30 06:59,2225,2.4,587,completed,2024-11-30,2024-11-30
1827,35,3,1,3,2024-12-01 09:23,2024-12-01 10:22,3583,13.4,505,completed,2024-12-01,2024-12-01
1828,35,3,1,3,2024-12-01 16:05,2024-12-01 17:30,5144,22.8,238,completed,2024-12-01,2024-12-01
1829,35,5,1,2,2024-12-03 18:48,2024-12-03 20:12,5059,0.7,619,completed,2024-12-03,2024-12-03
1830,35,4,1,2,2024-12-07 16:55,2024-12-07 18:24,5399,0.0,263,completed,2024-12-07,2024-12-07
1831,35,3,3,2,2024-12-10 10:39,2024-12-10 12:08,5350,24.1,535,completed,2024-12-10,2024-12-10
1832,35,3,1,3,2024-12-11 12:39,2024-12-11 13:45,3981,24.3,628,completed,2024-12-11,2024-12-11
1833,35,3,1,1,2024-12-11 17:38,2024-12-11 18:08,1856,15.4,316,completed,2024-12-11,2024-12-11
1834,35,4,2,2,2024-12-12 07:51,2024-12-12 08:30,2371,0.0,240,completed,2024-12-12,2024-12-12
1835,35,3,1,3,2024-12-13 18:08,2024-12-13 18:57,2968,20.8,169,completed,2024-12-13,2024-12-13
1836,35,4,2,1,2024-12-13 11:45,2024-12-13 13:10,5154,0.0,665,completed,2024-12-13,2024-12-13
1837,35,1,1,3,2024-12-16 12:19,2024-12-16 13:36,4645,6.2,585,completed,2024-12-16,2024-12-16
1838,35,2,2,2,2024-12-16 06:54,2024-12-16 08:22,5283,2.8,389,completed,2024-12-16,2024-12-16
1839,35,5,3,1,2024-12-17 15:14,2024-12-17 16:37,5016,0.6,338,completed,2024-12-17,2024-12-17
1840,35,1,2,1,2024-12-22 13:44,2024-12-22 15:06,4972,5.8,328,completed,2024-12-22,2024-12-22
1841,35,2,3,1,2024-12-26 16:57,2024-12-26 17:38,2477,3.2,589,completed,2024-12-26,2024-12-26
1842,35,3,2,2,2024-12-28 09:14,2024-12-28 10:37,5013,17.3,296,completed,2024-12-28,2024-12-28
1843,35,5,3,1,2024-12-30 17:43,2024-12-30 19:11,5324,1.4,159,completed,2024-12-30,2024-12-30
1844,35,2,1,2,2024-12-31 13:06,2024-12-31 14:13,4060,3.7,336,completed,2024-12-31,2024-12-31
1845,35,2,2,2,2024-12-31 14:20,2024-12-31 15:40,4807,2.8,371,completed,2024-12-31,2024-12-31
1846,35,4,1,2,2024-12-31 14:21,2024-12-31 15:17,3364,0.0,315,completed,2024-12-31,2024-12-31
1847,36,3,2,3,2024-10-02 06:04,2024-10-02 07:23,4760,14.5,517,completed,2024-10-02,2024-10-02
1848,36,4,2,3,2024-10-03 18:53,2024-10-03 20:16,5024,0.0,659,completed,2024-10-03,2024-10-03
1849,36,5,2,3,2024-10-08 12:42,2024-10-08 14:00,4696,1.1,437,completed,2024-10-08,2024-10-08
1850,36,5,3,2,2024-10-10 17:28,2024-10-10 18:15,2844,1.3,691,completed,2024-10-10,2024-10-10
1851,36,2,3,3,2024-10-13 13:19,2024-10-13 14:29,4206,2.7,361,completed,2024-10-13,2024-10-13
1852,36,2,2,2,2024-10-13 15:40,2024-10-13 16:11,1895,3.6,511,completed,2024-10-13,2024-10-13
1853,36,2,2,3,2024-10-18 09:24,2024-10-18 10:30,4008,2.9,169,completed,2024-10-18,2024-10-18
1854,36,5,1,3,2024-10-20 09:49,2024-10-20 11:16,5269,0.8,236,completed,2024-10-20,2024-10-20
1855,36,3,3,1,2024-10-21 05:47,2024-10-21 06:17,1808,14.2,601,completed,2024-10-21,2024-10-21
1856,36,2,2,3,2024-10-21 09:00,2024-10-21 09:40,2419,3.0,399,completed,2024-10-21,2024-10-21
1857,36,1,1,3,2024-10-21 13:57,2024-10-21 15:16,4765,9.0,268,completed,2024-10-21,2024-10-21
1858,36,5,3,1,2024-10-22 18:49,2024-10-22 20:04,4528,0.7,164,completed,2024-10-22,2024-10-22
1859,36,4,3,1,2024-10-22 12:45,2024-10-22 13:47,3725,0.0,583,completed,2024-10-22,2024-10-22
1860,36,1,1,2,2024-10-24 14:26,2024-10-24 15:35,4170,5.9,330,completed,2024-10-24,2024-10-24
1861,36,4,3,3,2024-10-27 08:29,2024-10-27 09:32,3791,0.0,462,completed,2024-10-27,2024-10-27
1862,36,1,3,1,2024-10-29 08:24,2024-10-29 09:02,2283,8.2,667,completed,2024-10-29,2024-10-29
1863,36,1,3,1,2024-10-29 15:58,2024-10-29 17:08,4219,8.8,212,completed,2024-10-29,2024-10-29
1864,36,3,3,1,2024-11-01 09:02,2024-11-01 10:18,4597,19.5,247,completed,2024-11-01,2024-11-01
1865,36,3,2,1,2024-11-02 14:37,2024-11-02 15:52,4556,15.7,289,completed,2024-11-02,2024-11-02
1866,36,5,1,2,2024-11-03 17:53,2024-11-03 18:53,3618,1.1,408,completed,2024-11-03,2024-11-03
1867,36,3,1,1,2024-11-04 07:55,2024-11-04 08:32,2266,19.8,595,completed,2024-11-04,2024-11-04
1868,36,2,2,2,2024-11-05 05:10,2024-11-05 06:37,5253,2.5,255,completed,2024-11-05,2024-11-05
1869,36,1,2,1,2024-11-07 16:14,2024-11-07 16:57,2590,6.9,172,completed,2024-11-07,2024-11-07
1870,36,3,1,2,2024-11-07 15:12,2024-11-07 16:39,5251,17.1,534,completed,2024-11-07,2024-11-07
1871,36,1,3,2,2024-11-09 14:15,2024-11-09 15:29,4454,8.2,505,completed,2024-11-09,2024-11-09
1872,36,2,3,1,2024-11-10 15:25,2024-11-10 16:24,3577,3.6,468,completed,2024-11-10,2024-11-10
1873,36,2,2,2,2024-11-10 08:45,2024-11-10 09:51,4009,2.9,489,completed,2024-11-10,2024-11-10
1874,36,1,2,3,2024-11-13 14:16,2024-11-13 15:00,2656,5.3,620,completed,2024-11-13,2024-11-13
1875,36,5,1,2,2024-11-14 07:14,2024-11-14 08:06,3174,1.3,230,completed,2024-11-14,2024-11-14
1876,36,3,2,3,2024-11-16 18:34,2024-11-16 19:45,4274,23.3,362,completed,2024-11-16,2024-11-16
1877,36,4,1,1,2024-11-18 10:15,2024-11-18 11:13,3483,0.0,567,completed,2024-11-18,2024-11-18
1878,36,1,2,2,2024-11-18 17:36,2024-11-18 18:32,3396,5.6,171,completed,2024-11-18,2024-11-18
1879,36,3,1,2,2024-11-21 07:00,2024-11-21 07:55,3318,16.5,268,completed,2024-11-21,2024-11-21
1880,36,3,3,2,2024-11-24 10:02,2024-11-24 11:23,4864,17.6,404,completed,2024-11-24,2024-11-24
1881,36,2,3,2,2024-11-28 13:46,2024-11-28 14:27,2470,2.9,156,completed,2024-11-28,2024-11-28
1882,36,4,2,3,2024-12-01 14:04,2024-12-01 14:34,1801,0.0,612,completed,2024-12-01,2024-12-01
1883,36,1,2,2,2024-12-01 09:00,2024-12-01 10:09,4148,7.4,336,completed,2024-12-01,2024-12-01
1884,36,5,3,3,2024-12-02 15:16,2024-12-02 16:22,3996,0.7,571,completed,2024-12-02,2024-12-02
1885,36,1,1,3,2024-12-03 17:16,2024-12-03 17:49,1986,5.4,678,completed,2024-12-03,2024-12-03
1886,36,4,2,1,2024-12-06 15:31,2024-12-06 16:56,5109,0.0,305,completed,2024-12-06,2024-12-06
1887,36,1,2,1,2024-12-08 14:55,2024-12-08 15:28,2031,6.8,240,completed,2024-12-08,2024-12-08
1888,36,1,1,3,2024-12-09 18:16,2024-12-09 19:14,3508,8.5,293,completed,2024-12-09,2024-12-09
1889,36,3,3,1,2024-12-11 09:37,2024-12-11 10:14,2220,19.6,389,completed,2024-12-11,2024-12-11
1890,36,5,1,2,2024-12-14 11:06,2024-12-14 12:00,3251,0.5,597,completed,2024-12-14,2024-12-14
1891,36,3,2,2,2024-12-16 12:41,2024-12-16 13:17,2161,18.8,203,completed,2024-12-16,2024-12-16
1892,36,4,3,2,2024-12-16 09:24,2024-12-16 10:20,3395,0.0,189,completed,2024-12-16,2024-12-16
1893,36,1,2,2,2024-12-22 07:03,2024-12-22 08:15,4372,7.9,691,completed,2024-12-22,2024-12-22
1894,36,5,3,2,2024-12-25 18:03,2024-12-25 19:25,4955,1.0,193,completed,2024-12-25,2024-12-25
1895,36,3,3,3,2024-12-26 13:34,2024-12-26 14:29,3317,22.7,431,completed,2024-12-26,2024-12-26
1896,36,5,1,1,2024-12-27 10:25,2024-12-27 11:24,3568,0.7,556,completed,2024-12-27,2024-12-27
1897,36,2,2,1,2024-12-28 08:21,2024-12-28 08:54,2017,2.1,541,completed,2024-12-28,2024-12-28
1898,36,5,2,2,2024-12-30 12:34,2024-12-30 13:54,4843,0.9,543,completed,2024-12-30,2024-12-30
1899,36,4,1,2,2024-12-31 15:43,2024-12-31 16:30,2860,0.0,637,completed,2024-12-31,2024-12-31
1900,37,2,2,1,2024-10-01 09:24,2024-10-01 10:37,4436,2.3,226,completed,2024-10-01,2024-10-01
1901,37,3,3,1,2024-10-08 07:07,2024-10-08 07:48,2478,15.3,650,completed,2024-10-08,2024-10-08
1902,37,1,2,2,2024-10-11 05:37,2024-10-11 06:22,2713,5.4,595,completed,2024-10-11,2024-10-11
1903,37,4,2,2,2024-10-11 07:14,2024-10-11 08:30,4594,0.0,380,completed,2024-10-11,2024-10-11
1904,37,1,1,3,2024-10-11 05:15,2024-10-11 06:21,4016,8.3,549,completed,2024-10-11,2024-10-11
1905,37,2,2,2,2024-10-14 11:07,2024-10-14 11:43,2185,2.4,347,completed,2024-10-14,2024-10-14
1906,37,3,3,3,2024-10-16 16:43,2024-10-16 18:10,5252,15.4,384,completed,2024-10-16,2024-10-16
1907,37,5,3,1,2024-10-18 05:49,2024-10-18 07:04,4517,0.8,573,completed,2024-10-18,2024-10-18
1908,37,5,1,2,2024-10-19 08:23,2024-10-19 09:38,4558,1.4,439,completed,2024-10-19,2024-10-19
1909,37,5,1,2,2024-10-22 15:44,2024-10-22 16:47,3802,0.8,260,completed,2024-10-22,2024-10-22
1910,37,5,2,3,2024-10-23 07:22,2024-10-23 08:02,2459,0.5,310,completed,2024-10-23,2024-10-23
1911,37,3,1,1,2024-10-26 06:36,2024-10-26 07:32,3403,19.9,630,completed,2024-10-26,2024-10-26
1912,37,2,3,3,2024-10-26 14:36,2024-10-26 15:40,3883,3.8,586,completed,2024-10-26,2024-10-26
1913,37,4,2,3,2024-10-27 05:04,2024-10-27 06:00,3362,0.0,591,completed,2024-10-27,2024-10-27
1914,37,3,1,1,2024-10-28 10:44,2024-10-28 11:14,1847,16.3,265,completed,2024-10-28,2024-10-28
1915,37,3,2,3,2024-10-29 17:12,2024-10-29 18:09,3473,22.9,351,completed,2024-10-29,2024-10-29
1916,37,4,3,2,2024-11-01 08:03,2024-11-01 08:55,3144,0.0,262,completed,2024-11-01,2024-11-01
1917,37,2,2,1,2024-11-03 13:11,2024-11-03 14:14,3839,3.6,192,completed,2024-11-03,2024-11-03
1918,37,2,3,2,2024-11-04 14:45,2024-11-04 16:13,5306,2.9,542,completed,2024-11-04,2024-11-04
1919,37,3,3,3,2024-11-05 13:53,2024-11-05 15:01,4080,22.0,355,completed,2024-11-05,2024-11-05
1920,37,2,3,2,2024-11-05 17:05,2024-11-05 18:28,5015,3.1,445,completed,2024-11-05,2024-11-05
1921,37,1,3,3,2024-11-07 16:18,2024-11-07 17:46,5309,6.1,493,completed,2024-11-07,2024-11-07
1922,37,4,3,2,2024-11-09 18:06,2024-11-09 18:59,3221,0.0,579,completed,2024-11-09,2024-11-09
1923,37,3,2,1,2024-11-09 05:25,2024-11-09 05:55,1839,16.3,217,completed,2024-11-09,2024-11-09
1924,37,3,1,1,2024-11-11 14:37,2024-11-11 15:42,3954,16.1,656,completed,2024-11-11,2024-11-11
1925,37,3,3,3,2024-11-13 10:50,2024-11-13 11:32,2564,16.9,252,completed,2024-11-13,2024-11-13
1926,37,3,2,2,2024-11-14 17:08,2024-11-14 17:39,1914,14.3,192,completed,2024-11-14,2024-11-14
1927,37,1,1,3,2024-11-16 14:19,2024-11-16 15:04,2737,9.6,543,completed,2024-11-16,2024-11-16
1928,37,2,3,3,2024-11-16 15:03,2024-11-16 16:06,3819,2.1,213,completed,2024-11-16,2024-11-16
1929,37,1,1,3,2024-11-18 08:22,2024-11-18 08:57,2122,9.1,334,completed,2024-11-18,2024-11-18
1930,37,3,2,2,2024-11-18 06:07,2024-11-18 07:03,3402,19.2,306,completed,2024-11-18,2024-11-18
1931,37,5,3,2,2024-11-21 16:41,2024-11-21 17:57,4613,0.8,487,completed,2024-11-21,2024-11-21
1932,37,4,3,3,2024-11-24 13:32,2024-11-24 14:58,5200,0.0,344,completed,2024-11-24,2024-11-24
1933,37,5,1,1,2024-11-24 18:59,2024-11-24 19:50,3070,1.0,480,completed,2024-11-24,2024-11-24
1934,37,1,3,2,2024-11-25 12:35,2024-11-25 13:05,1822,5.0,153,completed,2024-11-25,2024-11-25
1935,37,3,1,3,2024-12-01 10:54,2024-12-01 11:39,2710,16.3,220,completed,2024-12-01,2024-12-01
1936,37,5,2,2,2024-12-03 05:04,2024-12-03 05:38,2066,1.0,592,completed,2024-12-03,2024-12-03
1937,37,1,2,3,2024-12-05 11:22,2024-12-05 12:37,4520,9.0,614,completed,2024-12-05,2024-12-05
1938,37,5,1,2,2024-12-07 06:49,2024-12-07 08:10,4896,1.4,428,completed,2024-12-07,2024-12-07
1939,37,2,1,1,2024-12-12 05:26,2024-12-12 06:05,2386,2.3,420,completed,2024-12-12,2024-12-12
1940,37,2,1,2,2024-12-12 18:14,2024-12-12 18:45,1901,2.1,668,completed,2024-12-12,2024-12-12
1941,37,4,3,2,2024-12-20 12:58,2024-12-20 14:08,4217,0.0,348,completed,2024-12-20,2024-12-20
1942,37,2,1,1,2024-12-20 11:49,2024-12-20 13:12,5009,3.7,391,completed,2024-12-20,2024-12-20
1943,37,5,2,1,2024-12-20 07:38,2024-12-20 08:09,1884,1.1,517,completed,2024-12-20,2024-12-20
1944,37,3,2,2,2024-12-21 07:11,2024-12-21 07:44,2012,12.0,500,completed,2024-12-21,2024-12-21
1945,37,3,1,1,2024-12-22 05:24,2024-12-22 06:25,3694,18.6,412,completed,2024-12-22,2024-12-22
1946,37,1,3,1,2024-12-22 12:28,2024-12-22 13:52,5073,6.1,401,completed,2024-12-22,2024-12-22
1947,37,5,3,2,2024-12-23 12:23,2024-12-23 13:00,2276,0.8,307,completed,2024-12-23,2024-12-23
1948,37,3,1,3,2024-12-24 11:32,2024-12-24 12:56,5040,12.8,471,completed,2024-12-24,2024-12-24
1949,37,1,2,3,2024-12-24 15:07,2024-12-24 16:12,3919,7.1,472,completed,2024-12-24,2024-12-24
1950,37,2,1,2,2024-12-25 12:48,2024-12-25 13:19,1882,3.7,266,completed,2024-12-25,2024-12-25
1951,37,2,2,3,2024-12-25 13:56,2024-12-25 15:04,4116,3.9,309,completed,2024-12-25,2024-12-25
1952,38,2,1,3,2024-10-05 17:56,2024-10-05 18:59,3794,3.4,493,completed,2024-10-05,2024-10-05
1953,38,5,2,3,2024-10-06 11:10,2024-10-06 11:43,2028,1.5,209,completed,2024-10-06,2024-10-06
1954,38,4,1,1,2024-10-07 11:34,2024-10-07 12:16,2564,0.0,198,completed,2024-10-07,2024-10-07
1955,38,3,1,1,2024-10-07 13:58,2024-10-07 14:39,2504,15.6,499,completed,2024-10-07,2024-10-07
1956,38,2,3,2,2024-10-08 14:23,2024-10-08 15:45,4956,2.3,221,completed,2024-10-08,2024-10-08
1957,38,5,2,2,2024-10-10 13:23,2024-10-10 14:29,4004,1.4,152,completed,2024-10-10,2024-10-10
1958,38,4,3,2,2024-10-10 11:35,2024-10-10 12:26,3081,0.0,204,completed,2024-10-10,2024-10-10
1959,38,2,1,2,2024-10-14 11:13,2024-10-14 12:39,5216,2.9,471,completed,2024-10-14,2024-10-14
1960,38,5,3,2,2024-10-14 06:21,2024-10-14 07:26,3949,0.8,169,completed,2024-10-14,2024-10-14
1961,38,4,2,3,2024-10-15 15:09,2024-10-15 16:09,3650,0.0,690,completed,2024-10-15,2024-10-15
1962,38,4,3,2,2024-10-15 08:23,2024-10-15 09:49,5160,0.0,506,completed,2024-10-15,2024-10-15
1963,38,3,2,3,2024-10-21 05:59,2024-10-21 07:26,5278,14.4,508,completed,2024-10-21,2024-10-21
1964,38,3,3,3,2024-10-22 18:41,2024-10-22 20:03,4946,23.6,541,completed,2024-10-22,2024-10-22
1965,38,2,2,2,2024-10-22 16:38,2024-10-22 17:47,4170,3.4,529,completed,2024-10-22,2024-10-22
1966,38,5,2,1,2024-10-25 08:43,2024-10-25 09:30,2856,0.9,689,completed,2024-10-25,2024-10-25
1967,38,2,2,3,2024-10-28 15:05,2024-10-28 16:01,3380,2.5,395,completed,2024-10-28,2024-10-28
1968,38,4,1,2,2024-10-28 09:01,2024-10-28 10:29,5331,0.0,154,completed,2024-10-28,2024-10-28
1969,38,1,3,3,2024-10-29 07:51,2024-10-29 08:32,2470,7.5,433,completed,2024-10-29,2024-10-29
1970,38,2,2,3,2024-10-29 16:03,2024-10-29 17:32,5387,2.2,314,completed,2024-10-29,2024-10-29
1971,38,3,2,2,2024-10-31 10:55,2024-10-31 12:24,5370,19.5,541,completed,2024-10-31,2024-10-31
1972,38,2,3,3,2024-10-31 13:49,2024-10-31 15:11,4960,2.9,409,completed,2024-10-31,2024-10-31
1973,38,4,2,3,2024-11-07 12:12,2024-11-07 13:25,4409,0.0,306,completed,2024-11-07,2024-11-07
1974,38,3,1,2,2024-11-08 06:53,2024-11-08 08:10,4646,17.3,273,completed,2024-11-08,2024-11-08
1975,38,3,3,3,2024-11-08 07:51,2024-11-08 09:16,5159,14.3,617,completed,2024-11-08,2024-11-08
1976,38,3,3,2,2024-11-10 05:20,2024-11-10 06:14,3279,13.1,692,completed,2024-11-10,2024-11-10
1977,38,1,2,1,2024-11-10 15:04,2024-11-10 16:17,4407,8.4,346,completed,2024-11-10,2024-11-10
1978,38,1,3,2,2024-11-12 15:16,2024-11-12 15:57,2500,9.5,371,completed,2024-11-12,2024-11-12
1979,38,5,1,2,2024-11-14 07:37,2024-11-14 08:08,1881,1.0,449,completed,2024-11-14,2024-11-14
1980,38,3,1,1,2024-11-14 06:34,2024-11-14 07:04,1830,12.1,694,completed,2024-11-14,2024-11-14
1981,38,4,2,3,2024-11-15 07:47,2024-11-15 08:50,3822,0.0,192,completed,2024-11-15,2024-11-15
1982,38,5,2,2,2024-11-17 09:05,2024-11-17 09:46,2466,0.6,693,completed,2024-11-17,2024-11-17
1983,38,5,3,2,2024-11-18 14:03,2024-11-18 14:39,2202,1.2,193,completed,2024-11-18,2024-11-18
1984,38,5,2,1,2024-11-18 14:22,2024-11-18 15:33,4296,0.7,629,completed,2024-11-18,2024-11-18
1985,38,3,3,2,2024-11-19 13:23,2024-11-19 14:31,4133,17.1,653,completed,2024-11-19,2024-11-19
1986,38,5,1,2,2024-11-19 08:33,2024-11-19 09:25,3121,0.9,527,completed,2024-11-19,2024-11-19
1987,38,1,2,3,2024-11-21 08:39,2024-11-21 09:42,3830,8.2,160,completed,2024-11-21,2024-11-21
1988,38,2,1,3,2024-11-22 14:04,2024-11-22 14:36,1950,3.1,168,completed,2024-11-22,2024-11-22
1989,38,5,1,3,2024-11-23 07:46,2024-11-23 09:10,5070,1.2,247,completed,2024-11-23,2024-11-23
1990,38,4,1,2,2024-11-25 06:51,2024-11-25 07:42,3100,0.0,695,completed,2024-11-25,2024-11-25
1991,38,3,1,2,2024-11-29 12:14,2024-11-29 13:05,3107,21.0,460,completed,2024-11-29,2024-11-29
1992,38,3,2,1,2024-12-01 12:20,2024-12-01 13:44,5092,18.3,581,completed,2024-12-01,2024-12-01
1993,38,4,1,3,2024-12-02 09:13,2024-12-02 09:52,2369,0.0,474,completed,2024-12-02,2024-12-02
1994,38,3,2,1,2024-12-02 09:37,2024-12-02 10:45,4113,16.0,175,completed,2024-12-02,2024-12-02
1995,38,4,3,3,2024-12-04 15:45,2024-12-04 17:05,4830,0.0,325,completed,2024-12-04,2024-12-04
1996,38,3,1,1,2024-12-07 17:13,2024-12-07 18:25,4322,24.8,249,completed,2024-12-07,2024-12-07
1997,38,3,2,1,2024-12-09 17:14,2024-12-09 17:56,2532,21.2,686,completed,2024-12-09,2024-12-09
1998,38,4,3,2,2024-12-09 18:25,2024-12-09 19:21,3411,0.0,552,completed,2024-12-09,2024-12-09
1999,38,4,1,3,2024-12-10 12:14,2024-12-10 12:53,2362,0.0,425,completed,2024-12-10,2024-12-10
2000,38,3,1,2,2024-12-12 16:27,2024-12-12 17:40,4414,22.0,423,completed,2024-12-12,2024-12-12
2001,38,5,3,1,2024-12-14 17:10,2024-12-14 18:25,4506,0.7,331,completed,2024-12-14,2024-12-14
2002,38,3,2,2,2024-12-17 07:57,2024-12-17 09:22,5100,13.7,155,completed,2024-12-17,2024-12-17
2003,38,3,2,1,2024-12-23 08:55,2024-12-23 09:59,3851,21.8,499,completed,2024-12-23,2024-12-23
2004,38,2,2,3,2024-12-24 09:35,2024-12-24 11:03,5314,2.7,472,completed,2024-12-24,2024-12-24
2005,38,5,3,3,2024-12-24 10:07,2024-12-24 11:28,4903,0.8,491,completed,2024-12-24,2024-12-24
2006,38,3,3,3,2024-12-25 08:21,2024-12-25 09:42,4860,19.1,257,completed,2024-12-25,2024-12-25
2007,38,1,2,2,2024-12-25 16:32,2024-12-25 18:00,5290,8.9,354,completed,2024-12-25,2024-12-25
2008,38,1,3,3,2024-12-26 06:00,2024-12-26 07:12,4337,9.5,625,completed,2024-12-26,2024-12-26
2009,38,2,1,3,2024-12-27 09:51,2024-12-27 10:53,3755,3.1,601,completed,2024-12-27,2024-12-27
2010,39,3,1,1,2024-10-03 13:31,2024-10-03 14:39,4107,15.2,624,completed,2024-10-03,2024-10-03
2011,39,4,1,2,2024-10-04 10:59,2024-10-04 11:48,2964,0.0,421,completed,2024-10-04,2024-10-04
2012,39,2,1,1,2024-10-07 06:11,2024-10-07 06:52,2512,4.0,481,completed,2024-10-07,2024-10-07
2013,39,4,3,2,2024-10-09 06:59,2024-10-09 08:16,4655,0.0,182,completed,2024-10-09,2024-10-09
2014,39,2,1,2,2024-10-10 06:09,2024-10-10 06:56,2858,2.4,598,completed,2024-10-10,2024-10-10
2015,39,2,3,3,2024-10-10 13:50,2024-10-10 14:40,3034,3.9,556,completed,2024-10-10,2024-10-10
2016,39,1,3,3,2024-10-12 10:31,2024-10-12 11:59,5318,9.8,555,completed,2024-10-12,2024-10-12
2017,39,2,2,2,2024-10-17 18:45,2024-10-17 20:07,4950,3.4,403,completed,2024-10-17,2024-10-17
2018,39,1,3,3,2024-10-18 09:34,2024-10-18 11:01,5220,7.2,249,completed,2024-10-18,2024-10-18
2019,39,1,2,3,2024-10-19 07:36,2024-10-19 08:41,3936,8.5,647,completed,2024-10-19,2024-10-19
2020,39,4,1,3,2024-10-21 16:34,2024-10-21 17:35,3662,0.0,688,completed,2024-10-21,2024-10-21
2021,39,4,2,2,2024-10-24 05:47,2024-10-24 06:43,3403,0.0,451,completed,2024-10-24,2024-10-24
2022,39,2,1,2,2024-10-25 05:18,2024-10-25 06:19,3670,3.7,688,completed,2024-10-25,2024-10-25
2023,39,4,1,3,2024-10-25 16:34,2024-10-25 17:29,3346,0.0,365,completed,2024-10-25,2024-10-25
2024,39,2,3,1,2024-10-26 17:35,2024-10-26 18:18,2607,2.3,189,completed,2024-10-26,2024-10-26
2025,39,3,2,2,2024-10-28 13:01,2024-10-28 13:46,2713,13.1,544,completed,2024-10-28,2024-10-28
2026,39,1,2,2,2024-10-28 11:15,2024-10-28 12:01,2764,5.9,528,completed,2024-10-28,2024-10-28
2027,39,2,2,1,2024-10-31 05:47,2024-10-31 06:53,4015,3.1,476,completed,2024-10-31,2024-10-31
2028,39,3,1,1,2024-11-02 06:11,2024-11-02 07:29,4687,19.0,561,completed,2024-11-02,2024-11-02
2029,39,2,1,1,2024-11-06 17:07,2024-11-06 17:41,2048,3.7,394,completed,2024-11-06,2024-11-06
2030,39,1,1,1,2024-11-07 06:30,2024-11-07 07:51,4879,6.5,176,completed,2024-11-07,2024-11-07
2031,39,4,1,1,2024-11-13 06:34,2024-11-13 07:44,4246,0.0,334,completed,2024-11-13,2024-11-13
2032,39,1,1,1,2024-11-13 12:11,2024-11-13 12:57,2812,9.6,316,completed,2024-11-13,2024-11-13
2033,39,4,2,1,2024-11-16 14:05,2024-11-16 14:54,2998,0.0,428,completed,2024-11-16,2024-11-16
2034,39,3,1,3,2024-11-20 08:18,2024-11-20 09:46,5335,15.5,551,completed,2024-11-20,2024-11-20
2035,39,1,1,3,2024-11-20 14:20,2024-11-20 15:05,2706,9.5,342,completed,2024-11-20,2024-11-20
2036,39,5,2,2,2024-11-24 08:24,2024-11-24 09:01,2242,0.9,349,completed,2024-11-24,2024-11-24
2037,39,5,2,3,2024-11-27 16:12,2024-11-27 16:44,1927,0.8,682,completed,2024-11-27,2024-11-27
2038,39,2,3,2,2024-11-28 12:50,2024-11-28 13:23,2009,3.2,344,completed,2024-11-28,2024-11-28
2039,39,2,2,2,2024-11-29 13:54,2024-11-29 14:42,2910,2.2,487,completed,2024-11-29,2024-11-29
2040,39,5,1,1,2024-12-02 09:08,2024-12-02 10:13,3901,0.5,308,completed,2024-12-02,2024-12-02
2041,39,4,3,2,2024-12-07 17:50,2024-12-07 18:55,3916,0.0,209,completed,2024-12-07,2024-12-07
2042,39,4,1,1,2024-12-10 08:12,2024-12-10 08:45,1986,0.0,464,completed,2024-12-10,2024-12-10
2043,39,5,2,1,2024-12-10 15:39,2024-12-10 16:18,2399,0.9,535,completed,2024-12-10,2024-12-10
2044,39,4,2,3,2024-12-11 07:28,2024-12-11 08:48,4816,0.0,522,completed,2024-12-11,2024-12-11
2045,39,3,2,3,2024-12-11 11:33,2024-12-11 12:31,3504,13.2,404,completed,2024-12-11,2024-12-11
2046,39,3,3,2,2024-12-12 12:19,2024-12-12 13:44,5107,18.6,282,completed,2024-12-12,2024-12-12
2047,39,1,1,1,2024-12-14 10:57,2024-12-14 11:56,3590,8.9,330,completed,2024-12-14,2024-12-14
2048,39,5,2,2,2024-12-15 14:00,2024-12-15 14:31,1878,0.8,349,completed,2024-12-15,2024-12-15
2049,39,2,3,2,2024-12-15 11:36,2024-12-15 12:21,2713,3.8,275,completed,2024-12-15,2024-12-15
2050,39,2,2,2,2024-12-16 08:25,2024-12-16 08:56,1913,2.9,549,completed,2024-12-16,2024-12-16
2051,39,1,3,2,2024-12-18 08:09,2024-12-18 08:48,2397,5.7,348,completed,2024-12-18,2024-12-18
2052,39,1,3,2,2024-12-18 15:38,2024-12-18 16:27,2940,9.6,618,completed,2024-12-18,2024-12-18
2053,39,5,2,2,2024-12-18 15:06,2024-12-18 16:24,4711,0.8,347,completed,2024-12-18,2024-12-18
2054,39,1,1,1,2024-12-19 06:07,2024-12-19 07:24,4631,6.5,571,completed,2024-12-19,2024-12-19
2055,39,2,3,2,2024-12-20 17:39,2024-12-20 18:15,2184,3.4,473,completed,2024-12-20,2024-12-20
2056,39,4,1,1,2024-12-22 06:59,2024-12-22 07:41,2561,0.0,586,completed,2024-12-22,2024-12-22
2057,39,5,3,1,2024-12-22 17:01,2024-12-22 17:35,2083,0.9,626,completed,2024-12-22,2024-12-22
2058,39,3,1,1,2024-12-23 16:27,2024-12-23 17:32,3913,14.7,216,completed,2024-12-23,2024-12-23
2059,39,4,2,2,2024-12-23 08:22,2024-12-23 08:52,1834,0.0,334,completed,2024-12-23,2024-12-23
2060,39,1,1,3,2024-12-25 10:08,2024-12-25 10:53,2730,9.8,373,completed,2024-12-25,2024-12-25
2061,39,5,2,2,2024-12-26 16:34,2024-12-26 17:08,2071,1.3,176,completed,2024-12-26,2024-12-26
2062,39,3,3,1,2024-12-26 18:40,2024-12-26 19:10,1825,21.5,498,completed,2024-12-26,2024-12-26
2063,39,2,1,1,2024-12-30 16:44,2024-12-30 17:14,1841,3.3,369,completed,2024-12-30,2024-12-30
2064,39,1,3,2,2024-12-31 14:32,2024-12-31 15:27,3345,8.2,279,completed,2024-12-31,2024-12-31
2065,40,2,3,3,2024-10-01 15:31,2024-10-01 17:00,5382,4.0,417,completed,2024-10-01,2024-10-01
2066,40,1,1,1,2024-10-03 18:12,2024-10-03 19:04,3157,9.8,191,completed,2024-10-03,2024-10-03
2067,40,4,2,3,2024-10-04 06:34,2024-10-04 07:35,3716,0.0,681,completed,2024-10-04,2024-10-04
2068,40,2,2,2,2024-10-04 16:30,2024-10-04 17:08,2315,3.3,448,completed,2024-10-04,2024-10-04
2069,40,4,2,3,2024-10-05 15:27,2024-10-05 16:19,3132,0.0,322,completed,2024-10-05,2024-10-05
2070,40,2,1,3,2024-10-06 07:58,2024-10-06 09:03,3923,2.9,580,completed,2024-10-06,2024-10-06
2071,40,4,3,2,2024-10-06 05:02,2024-10-06 05:32,1824,0.0,351,completed,2024-10-06,2024-10-06
2072,40,4,1,3,2024-10-10 13:51,2024-10-10 15:00,4154,0.0,383,completed,2024-10-10,2024-10-10
2073,40,4,2,2,2024-10-12 18:24,2024-10-12 19:01,2248,0.0,178,completed,2024-10-12,2024-10-12
2074,40,4,1,1,2024-10-12 09:46,2024-10-12 10:21,2158,0.0,290,completed,2024-10-12,2024-10-12
2075,40,2,1,3,2024-10-13 16:49,2024-10-13 18:10,4887,2.5,627,completed,2024-10-13,2024-10-13
2076,40,2,1,2,2024-10-17 13:48,2024-10-17 14:30,2541,3.9,190,completed,2024-10-17,2024-10-17
2077,40,5,3,3,2024-10-18 09:14,2024-10-18 10:08,3293,1.5,697,completed,2024-10-18,2024-10-18
2078,40,3,1,2,2024-10-21 11:00,2024-10-21 11:42,2563,22.1,362,completed,2024-10-21,2024-10-21
2079,40,5,2,3,2024-10-21 13:06,2024-10-21 14:19,4407,1.3,502,completed,2024-10-21,2024-10-21
2080,40,3,2,3,2024-10-22 11:11,2024-10-22 12:19,4121,15.8,431,completed,2024-10-22,2024-10-22
2081,40,2,2,3,2024-10-25 09:35,2024-10-25 10:34,3562,2.4,631,completed,2024-10-25,2024-10-25
2082,40,4,1,3,2024-10-29 13:09,2024-10-29 14:20,4307,0.0,673,completed,2024-10-29,2024-10-29
2083,40,4,2,2,2024-10-30 12:55,2024-10-30 14:23,5284,0.0,421,completed,2024-10-30,2024-10-30
2084,40,1,3,3,2024-10-31 13:41,2024-10-31 14:24,2585,7.2,657,completed,2024-10-31,2024-10-31
2085,40,2,3,2,2024-10-31 13:14,2024-10-31 14:15,3683,3.6,469,completed,2024-10-31,2024-10-31
2086,40,5,3,3,2024-11-02 13:06,2024-11-02 13:50,2694,1.3,587,completed,2024-11-02,2024-11-02
2087,40,3,1,1,2024-11-03 15:41,2024-11-03 16:13,1932,23.8,282,completed,2024-11-03,2024-11-03
2088,40,1,1,3,2024-11-04 13:23,2024-11-04 13:58,2104,5.8,584,completed,2024-11-04,2024-11-04
2089,40,3,2,1,2024-11-05 11:49,2024-11-05 13:03,4442,20.2,683,completed,2024-11-05,2024-11-05
2090,40,3,1,2,2024-11-05 17:36,2024-11-05 18:19,2627,14.6,220,completed,2024-11-05,2024-11-05
2091,40,1,3,2,2024-11-05 18:15,2024-11-05 19:30,4526,9.0,509,completed,2024-11-05,2024-11-05
2092,40,3,2,2,2024-11-06 05:51,2024-11-06 06:46,3332,24.7,267,completed,2024-11-06,2024-11-06
2093,40,2,1,3,2024-11-07 13:58,2024-11-07 14:58,3614,3.3,595,completed,2024-11-07,2024-11-07
2094,40,4,1,3,2024-11-07 15:40,2024-11-07 16:31,3095,0.0,597,completed,2024-11-07,2024-11-07
2095,40,3,1,1,2024-11-12 16:40,2024-11-12 17:40,3607,15.2,219,completed,2024-11-12,2024-11-12
2096,40,2,1,1,2024-11-13 07:04,2024-11-13 08:09,3932,3.9,521,completed,2024-11-13,2024-11-13
2097,40,2,1,3,2024-11-18 14:22,2024-11-18 14:56,2090,2.2,301,completed,2024-11-18,2024-11-18
2098,40,3,3,3,2024-11-20 17:42,2024-11-20 19:03,4919,15.4,447,completed,2024-11-20,2024-11-20
2099,40,3,1,1,2024-11-20 15:04,2024-11-20 15:58,3286,20.7,455,completed,2024-11-20,2024-11-20
2100,40,5,2,3,2024-11-24 16:07,2024-11-24 17:28,4867,1.0,677,completed,2024-11-24,2024-11-24
2101,40,3,3,1,2024-11-24 13:36,2024-11-24 14:50,4459,23.3,356,completed,2024-11-24,2024-11-24
2102,40,2,2,1,2024-11-25 10:23,2024-11-25 10:56,1999,3.2,679,completed,2024-11-25,2024-11-25
2103,40,1,3,2,2024-11-25 11:55,2024-11-25 12:45,3034,9.7,265,completed,2024-11-25,2024-11-25
2104,40,4,2,3,2024-11-26 15:43,2024-11-26 16:19,2210,0.0,505,completed,2024-11-26,2024-11-26
2105,40,4,1,2,2024-11-28 14:22,2024-11-28 15:06,2687,0.0,478,completed,2024-11-28,2024-11-28
2106,40,5,3,3,2024-11-28 13:54,2024-11-28 15:03,4165,1.1,658,completed,2024-11-28,2024-11-28
2107,40,3,3,2,2024-11-29 17:39,2024-11-29 18:21,2564,19.8,396,completed,2024-11-29,2024-11-29
2108,40,2,3,3,2024-11-29 05:28,2024-11-29 06:44,4597,3.5,263,completed,2024-11-29,2024-11-29
2109,40,5,1,3,2024-12-01 13:43,2024-12-01 15:03,4842,0.7,221,completed,2024-12-01,2024-12-01
2110,40,5,2,3,2024-12-01 10:08,2024-12-01 11:11,3820,0.7,542,completed,2024-12-01,2024-12-01
2111,40,3,2,3,2024-12-06 16:01,2024-12-06 17:09,4118,17.2,471,completed,2024-12-06,2024-12-06
2112,40,2,2,1,2024-12-10 12:46,2024-12-10 13:28,2561,2.9,449,completed,2024-12-10,2024-12-10
2113,40,3,1,2,2024-12-15 11:17,2024-12-15 12:09,3149,22.0,439,completed,2024-12-15,2024-12-15
2114,40,1,1,2,2024-12-18 14:38,2024-12-18 15:35,3449,6.0,248,completed,2024-12-18,2024-12-18
2115,40,3,2,3,2024-12-18 10:27,2024-12-18 11:24,3452,24.2,641,completed,2024-12-18,2024-12-18
2116,40,3,3,1,2024-12-19 14:16,2024-12-19 15:05,2953,14.5,507,completed,2024-12-19,2024-12-19
2117,40,2,2,3,2024-12-21 06:13,2024-12-21 06:53,2410,3.4,327,completed,2024-12-21,2024-12-21
2118,40,1,3,3,2024-12-23 14:21,2024-12-23 15:00,2391,8.3,637,completed,2024-12-23,2024-12-23
2119,40,2,1,1,2024-12-24 07:21,2024-12-24 07:59,2335,3.5,450,completed,2024-12-24,2024-12-24
2120,40,2,3,1,2024-12-26 16:40,2024-12-26 17:40,3635,2.6,341,completed,2024-12-26,2024-12-26
2121,40,5,1,1,2024-12-26 16:40,2024-12-26 17:48,4129,1.2,515,completed,2024-12-26,2024-12-26
2122,40,4,1,1,2024-12-26 10:45,2024-12-26 12:01,4578,0.0,230,completed,2024-12-26,2024-12-26
2123,40,1,2,1,2024-12-26 12:57,2024-12-26 14:03,3972,5.6,680,completed,2024-12-26,2024-12-26
2124,40,5,3,3,2024-12-26 09:02,2024-12-26 09:42,2401,0.9,295,completed,2024-12-26,2024-12-26
2125,40,5,1,1,2024-12-27 06:05,2024-12-27 06:51,2801,0.8,404,completed,2024-12-27,2024-12-27
2126,40,1,3,1,2024-12-28 11:18,2024-12-28 12:37,4748,7.4,680,completed,2024-12-28,2024-12-28
2127,41,1,3,2,2024-10-02 11:06,2024-10-02 12:15,4182,6.3,451,completed,2024-10-02,2024-10-02
2128,41,1,1,2,2024-10-02 10:01,2024-10-02 11:14,4384,6.2,319,completed,2024-10-02,2024-10-02
2129,41,1,1,3,2024-10-03 16:13,2024-10-03 17:38,5112,9.8,234,completed,2024-10-03,2024-10-03
2130,41,1,1,3,2024-10-05 17:32,2024-10-05 18:19,2854,7.3,575,completed,2024-10-05,2024-10-05
2131,41,4,3,2,2024-10-05 14:46,2024-10-05 16:14,5337,0.0,636,completed,2024-10-05,2024-10-05
2132,41,2,2,3,2024-10-07 16:06,2024-10-07 17:31,5127,3.6,506,completed,2024-10-07,2024-10-07
2133,41,4,3,2,2024-10-09 06:16,2024-10-09 07:05,2940,0.0,623,completed,2024-10-09,2024-10-09
2134,41,3,2,2,2024-10-10 18:23,2024-10-10 19:43,4832,24.0,651,completed,2024-10-10,2024-10-10
2135,41,1,1,3,2024-10-12 09:53,2024-10-12 10:32,2367,8.8,476,completed,2024-10-12,2024-10-12
2136,41,2,2,2,2024-10-12 12:23,2024-10-12 13:23,3605,3.5,188,completed,2024-10-12,2024-10-12
2137,41,3,3,1,2024-10-13 14:36,2024-10-13 15:43,4020,20.5,622,completed,2024-10-13,2024-10-13
2138,41,5,1,1,2024-10-14 09:58,2024-10-14 10:31,2005,1.4,189,completed,2024-10-14,2024-10-14
2139,41,1,3,3,2024-10-15 11:18,2024-10-15 11:50,1968,8.7,662,completed,2024-10-15,2024-10-15
2140,41,5,2,2,2024-10-16 13:42,2024-10-16 14:57,4501,0.8,352,completed,2024-10-16,2024-10-16
2141,41,4,3,1,2024-10-17 18:45,2024-10-17 19:48,3822,0.0,274,completed,2024-10-17,2024-10-17
2142,41,2,2,2,2024-10-18 05:49,2024-10-18 06:57,4080,3.2,317,completed,2024-10-18,2024-10-18
2143,41,2,2,1,2024-10-19 13:20,2024-10-19 14:01,2472,2.8,531,completed,2024-10-19,2024-10-19
2144,41,4,2,3,2024-10-20 13:00,2024-10-20 13:48,2891,0.0,309,completed,2024-10-20,2024-10-20
2145,41,5,2,1,2024-10-20 15:22,2024-10-20 16:15,3201,0.6,526,completed,2024-10-20,2024-10-20
2146,41,3,2,1,2024-10-20 11:14,2024-10-20 12:15,3700,24.5,162,completed,2024-10-20,2024-10-20
2147,41,1,1,3,2024-10-21 07:25,2024-10-21 08:22,3430,5.9,252,completed,2024-10-21,2024-10-21
2148,41,3,1,3,2024-10-23 12:56,2024-10-23 13:44,2882,21.9,640,completed,2024-10-23,2024-10-23
2149,41,2,3,2,2024-10-24 07:17,2024-10-24 08:43,5191,3.4,343,completed,2024-10-24,2024-10-24
2150,41,1,1,2,2024-10-26 12:02,2024-10-26 13:25,4995,9.8,648,completed,2024-10-26,2024-10-26
2151,41,2,2,1,2024-10-26 11:01,2024-10-26 11:48,2855,3.8,268,completed,2024-10-26,2024-10-26
2152,41,3,1,1,2024-10-27 07:47,2024-10-27 08:17,1833,13.0,470,completed,2024-10-27,2024-10-27
2153,41,4,3,1,2024-10-27 16:58,2024-10-27 18:08,4230,0.0,537,completed,2024-10-27,2024-10-27
2154,41,2,3,1,2024-10-30 15:33,2024-10-30 17:02,5397,2.4,426,completed,2024-10-30,2024-10-30
2155,41,2,1,3,2024-10-31 06:54,2024-10-31 08:02,4120,3.7,654,completed,2024-10-31,2024-10-31
2156,41,2,3,3,2024-11-01 18:14,2024-11-01 19:30,4585,3.7,381,completed,2024-11-01,2024-11-01
2157,41,3,1,3,2024-11-02 14:12,2024-11-02 14:46,2046,12.3,686,completed,2024-11-02,2024-11-02
2158,41,5,3,1,2024-11-05 15:04,2024-11-05 15:54,3028,1.1,196,completed,2024-11-05,2024-11-05
2159,41,5,3,1,2024-11-08 07:59,2024-11-08 08:55,3395,0.6,255,completed,2024-11-08,2024-11-08
2160,41,1,1,2,2024-11-13 12:55,2024-11-13 14:20,5123,8.8,399,completed,2024-11-13,2024-11-13
2161,41,5,2,3,2024-11-13 17:10,2024-11-13 18:37,5275,0.5,174,completed,2024-11-13,2024-11-13
2162,41,3,3,2,2024-11-13 09:12,2024-11-13 10:09,3426,17.4,696,completed,2024-11-13,2024-11-13
2163,41,4,1,3,2024-11-17 12:45,2024-11-17 13:46,3703,0.0,686,completed,2024-11-17,2024-11-17
2164,41,5,1,1,2024-11-17 14:36,2024-11-17 16:02,5189,0.6,584,completed,2024-11-17,2024-11-17
2165,41,4,2,1,2024-11-19 17:53,2024-11-19 18:32,2361,0.0,214,completed,2024-11-19,2024-11-19
2166,41,2,3,3,2024-11-19 05:57,2024-11-19 06:29,1947,3.7,668,completed,2024-11-19,2024-11-19
2167,41,5,3,1,2024-11-20 06:52,2024-11-20 07:22,1841,1.4,336,completed,2024-11-20,2024-11-20
2168,41,3,2,3,2024-11-24 08:55,2024-11-24 10:05,4252,21.7,627,completed,2024-11-24,2024-11-24
2169,41,2,1,3,2024-11-25 17:04,2024-11-25 17:47,2628,3.7,209,completed,2024-11-25,2024-11-25
2170,41,2,3,2,2024-11-27 13:17,2024-11-27 14:13,3390,3.7,619,completed,2024-11-27,2024-11-27
2171,41,4,2,2,2024-11-28 10:05,2024-11-28 11:32,5231,0.0,538,completed,2024-11-28,2024-11-28
2172,41,2,2,1,2024-11-30 10:17,2024-11-30 11:22,3922,2.7,549,completed,2024-11-30,2024-11-30
2173,41,2,1,1,2024-11-30 09:57,2024-11-30 11:22,5128,2.1,498,completed,2024-11-30,2024-11-30
2174,41,1,3,1,2024-12-04 08:33,2024-12-04 10:00,5275,5.7,347,completed,2024-12-04,2024-12-04
2175,41,2,2,3,2024-12-05 09:55,2024-12-05 10:57,3735,3.4,282,completed,2024-12-05,2024-12-05
2176,41,2,1,3,2024-12-06 08:05,2024-12-06 08:51,2761,3.6,542,completed,2024-12-06,2024-12-06
2177,41,3,2,3,2024-12-09 07:29,2024-12-09 08:18,2988,19.8,657,completed,2024-12-09,2024-12-09
2178,41,2,3,3,2024-12-10 18:07,2024-12-10 18:43,2199,3.6,163,completed,2024-12-10,2024-12-10
2179,41,2,2,3,2024-12-10 05:39,2024-12-10 06:28,2964,3.8,236,completed,2024-12-10,2024-12-10
2180,41,2,1,3,2024-12-11 10:39,2024-12-11 11:22,2591,3.7,333,completed,2024-12-11,2024-12-11
2181,41,2,3,1,2024-12-12 17:37,2024-12-12 18:28,3085,3.9,396,completed,2024-12-12,2024-12-12
2182,41,1,2,3,2024-12-15 12:09,2024-12-15 13:02,3189,6.4,160,completed,2024-12-15,2024-12-15
2183,41,3,1,1,2024-12-17 13:41,2024-12-17 14:32,3096,23.9,397,completed,2024-12-17,2024-12-17
2184,41,4,3,1,2024-12-18 07:00,2024-12-18 07:31,1916,0.0,335,completed,2024-12-18,2024-12-18
2185,41,2,3,3,2024-12-19 09:29,2024-12-19 10:18,2950,2.1,352,completed,2024-12-19,2024-12-19
2186,41,3,3,2,2024-12-26 18:46,2024-12-26 20:05,4762,17.3,542,completed,2024-12-26,2024-12-26
2187,41,3,2,3,2024-12-26 16:32,2024-12-26 17:30,3506,23.0,650,completed,2024-12-26,2024-12-26
2188,41,5,3,3,2024-12-30 15:08,2024-12-30 15:49,2509,1.5,420,completed,2024-12-30,2024-12-30
2189,42,1,3,2,2024-10-10 17:51,2024-10-10 18:42,3114,6.8,412,completed,2024-10-10,2024-10-10
2190,42,3,2,3,2024-10-11 16:47,2024-10-11 17:37,3038,22.8,184,completed,2024-10-11,2024-10-11
2191,42,5,1,1,2024-10-12 11:47,2024-10-12 12:23,2178,0.9,625,completed,2024-10-12,2024-10-12
2192,42,1,3,1,2024-10-13 16:49,2024-10-13 17:45,3361,5.0,390,completed,2024-10-13,2024-10-13
2193,42,2,2,2,2024-10-15 12:20,2024-10-15 13:42,4943,3.3,312,completed,2024-10-15,2024-10-15
2194,42,4,2,2,2024-10-16 10:35,2024-10-16 11:37,3774,0.0,677,completed,2024-10-16,2024-10-16
2195,42,2,1,3,2024-10-18 10:42,2024-10-18 12:11,5346,3.1,289,completed,2024-10-18,2024-10-18
2196,42,2,3,2,2024-10-20 18:05,2024-10-20 19:27,4959,2.2,650,completed,2024-10-20,2024-10-20
2197,42,3,2,3,2024-10-22 14:06,2024-10-22 14:48,2577,15.8,272,completed,2024-10-22,2024-10-22
2198,42,1,1,1,2024-10-24 09:10,2024-10-24 10:36,5182,6.4,639,completed,2024-10-24,2024-10-24
2199,42,5,1,1,2024-10-30 07:11,2024-10-30 08:18,4052,0.8,547,completed,2024-10-30,2024-10-30
2200,42,5,1,3,2024-10-30 16:34,2024-10-30 18:01,5237,1.4,665,completed,2024-10-30,2024-10-30
2201,42,4,1,3,2024-11-04 16:03,2024-11-04 16:41,2329,0.0,660,completed,2024-11-04,2024-11-04
2202,42,2,3,1,2024-11-04 14:42,2024-11-04 16:08,5177,2.7,200,completed,2024-11-04,2024-11-04
2203,42,4,2,3,2024-11-06 06:01,2024-11-06 07:27,5170,0.0,518,completed,2024-11-06,2024-11-06
2204,42,4,1,2,2024-11-06 10:17,2024-11-06 11:27,4226,0.0,355,completed,2024-11-06,2024-11-06
2205,42,5,3,2,2024-11-06 05:27,2024-11-06 06:05,2293,0.8,393,completed,2024-11-06,2024-11-06
2206,42,3,3,1,2024-11-14 07:06,2024-11-14 08:28,4959,20.3,270,completed,2024-11-14,2024-11-14
2207,42,1,2,1,2024-11-14 14:09,2024-11-14 15:16,4045,8.5,488,completed,2024-11-14,2024-11-14
2208,42,3,1,1,2024-11-17 10:50,2024-11-17 11:38,2905,15.3,281,completed,2024-11-17,2024-11-17
2209,42,1,1,1,2024-11-18 09:22,2024-11-18 10:14,3142,9.8,176,completed,2024-11-18,2024-11-18
2210,42,4,1,2,2024-11-22 17:13,2024-11-22 18:31,4722,0.0,657,completed,2024-11-22,2024-11-22
2211,42,2,3,1,2024-11-23 14:51,2024-11-23 15:48,3476,2.8,321,completed,2024-11-23,2024-11-23
2212,42,5,3,1,2024-11-24 17:40,2024-11-24 19:00,4833,0.9,182,completed,2024-11-24,2024-11-24
2213,42,4,1,3,2024-11-24 07:46,2024-11-24 09:12,5188,0.0,543,completed,2024-11-24,2024-11-24
2214,42,2,1,1,2024-11-24 15:55,2024-11-24 16:28,1996,2.3,545,completed,2024-11-24,2024-11-24
2215,42,4,3,3,2024-11-25 16:56,2024-11-25 17:29,2007,0.0,236,completed,2024-11-25,2024-11-25
2216,42,2,2,1,2024-11-27 06:35,2024-11-27 07:29,3269,3.1,672,completed,2024-11-27,2024-11-27
2217,42,3,3,3,2024-11-30 16:30,2024-11-30 17:51,4869,17.4,439,completed,2024-11-30,2024-11-30
2218,42,2,1,3,2024-12-05 14:10,2024-12-05 14:51,2504,3.9,296,completed,2024-12-05,2024-12-05
2219,42,2,2,2,2024-12-06 13:29,2024-12-06 14:13,2685,2.3,452,completed,2024-12-06,2024-12-06
2220,42,1,3,1,2024-12-06 07:39,2024-12-06 08:59,4807,8.2,635,completed,2024-12-06,2024-12-06
2221,42,4,1,3,2024-12-09 16:04,2024-12-09 16:36,1941,0.0,683,completed,2024-12-09,2024-12-09
2222,42,3,1,3,2024-12-09 05:49,2024-12-09 06:27,2311,15.9,421,completed,2024-12-09,2024-12-09
2223,42,3,2,3,2024-12-11 07:48,2024-12-11 09:02,4497,20.7,448,completed,2024-12-11,2024-12-11
2224,42,2,2,2,2024-12-14 07:47,2024-12-14 08:37,3030,2.9,216,completed,2024-12-14,2024-12-14
2225,42,5,1,1,2024-12-14 14:13,2024-12-14 15:33,4837,0.8,412,completed,2024-12-14,2024-12-14
2226,42,1,2,3,2024-12-15 07:05,2024-12-15 08:30,5108,6.1,319,completed,2024-12-15,2024-12-15
2227,42,3,1,1,2024-12-16 06:57,2024-12-16 08:08,4301,15.8,621,completed,2024-12-16,2024-12-16
2228,42,2,1,1,2024-12-16 16:31,2024-12-16 17:45,4458,2.7,474,completed,2024-12-16,2024-12-16
2229,42,3,1,1,2024-12-17 17:08,2024-12-17 17:38,1824,12.9,275,completed,2024-12-17,2024-12-17
2230,42,3,1,3,2024-12-18 06:19,2024-12-18 07:35,4618,18.8,161,completed,2024-12-18,2024-12-18
2231,42,5,1,1,2024-12-22 06:35,2024-12-22 07:19,2649,1.1,184,completed,2024-12-22,2024-12-22
2232,42,4,3,1,2024-12-24 07:50,2024-12-24 09:19,5380,0.0,190,completed,2024-12-24,2024-12-24
2233,42,1,3,1,2024-12-24 06:26,2024-12-24 07:35,4197,6.4,310,completed,2024-12-24,2024-12-24
2234,42,5,1,3,2024-12-27 09:35,2024-12-27 10:12,2258,1.4,664,completed,2024-12-27,2024-12-27
2235,42,4,1,2,2024-12-30 13:29,2024-12-30 14:45,4580,0.0,177,completed,2024-12-30,2024-12-30
2236,42,4,3,2,2024-12-30 12:35,2024-12-30 13:53,4712,0.0,637,completed,2024-12-30,2024-12-30
2237,42,3,2,2,2024-12-30 15:20,2024-12-30 16:46,5196,23.0,684,completed,2024-12-30,2024-12-30
2238,43,4,2,2,2024-10-01 14:25,2024-10-01 15:21,3410,0.0,498,completed,2024-10-01,2024-10-01
2239,43,5,3,1,2024-10-01 14:44,2024-10-01 16:05,4893,0.8,394,completed,2024-10-01,2024-10-01
2240,43,5,2,2,2024-10-03 18:43,2024-10-03 19:43,3603,1.0,617,completed,2024-10-03,2024-10-03
2241,43,4,2,2,2024-10-05 10:04,2024-10-05 11:04,3651,0.0,662,completed,2024-10-05,2024-10-05
2242,43,2,2,1,2024-10-06 06:50,2024-10-06 07:53,3828,2.9,323,completed,2024-10-06,2024-10-06
2243,43,4,2,2,2024-10-09 17:01,2024-10-09 17:59,3534,0.0,509,completed,2024-10-09,2024-10-09
2244,43,5,2,3,2024-10-13 09:46,2024-10-13 10:56,4218,1.2,268,completed,2024-10-13,2024-10-13
2245,43,1,1,1,2024-10-19 13:11,2024-10-19 14:07,3415,5.7,287,completed,2024-10-19,2024-10-19
2246,43,3,3,1,2024-10-20 13:29,2024-10-20 14:17,2901,16.0,481,completed,2024-10-20,2024-10-20
2247,43,1,1,1,2024-10-22 10:55,2024-10-22 11:48,3205,5.2,537,completed,2024-10-22,2024-10-22
2248,43,5,1,1,2024-10-23 11:25,2024-10-23 12:31,3984,0.8,169,completed,2024-10-23,2024-10-23
2249,43,1,3,2,2024-10-24 07:32,2024-10-24 08:56,5082,5.9,214,completed,2024-10-24,2024-10-24
2250,43,4,1,3,2024-11-06 10:08,2024-11-06 11:03,3303,0.0,155,completed,2024-11-06,2024-11-06
2251,43,2,3,2,2024-11-09 14:33,2024-11-09 15:40,4022,2.9,615,completed,2024-11-09,2024-11-09
2252,43,1,3,3,2024-11-09 05:43,2024-11-09 06:20,2269,6.2,400,completed,2024-11-09,2024-11-09
2253,43,1,3,2,2024-11-10 18:03,2024-11-10 18:55,3179,7.5,505,completed,2024-11-10,2024-11-10
2254,43,5,1,3,2024-11-11 16:08,2024-11-11 17:02,3242,1.3,164,completed,2024-11-11,2024-11-11
2255,43,2,1,3,2024-11-13 12:17,2024-11-13 13:07,3014,2.4,623,completed,2024-11-13,2024-11-13
2256,43,1,2,1,2024-11-14 07:10,2024-11-14 08:21,4303,6.2,585,completed,2024-11-14,2024-11-14
2257,43,5,1,2,2024-11-14 05:59,2024-11-14 07:23,5040,1.2,338,completed,2024-11-14,2024-11-14
2258,43,4,1,3,2024-11-21 07:50,2024-11-21 08:40,3055,0.0,673,completed,2024-11-21,2024-11-21
2259,43,4,1,3,2024-11-21 18:37,2024-11-21 19:40,3808,0.0,437,completed,2024-11-21,2024-11-21
2260,43,1,1,1,2024-11-22 13:03,2024-11-22 14:09,4009,7.2,350,completed,2024-11-22,2024-11-22
2261,43,2,3,1,2024-11-25 07:23,2024-11-25 08:22,3574,3.2,172,completed,2024-11-25,2024-11-25
2262,43,2,1,1,2024-11-25 10:53,2024-11-25 12:21,5337,3.8,392,completed,2024-11-25,2024-11-25
2263,43,3,1,1,2024-11-25 10:47,2024-11-25 11:59,4363,17.2,367,completed,2024-11-25,2024-11-25
2264,43,4,2,1,2024-11-27 09:26,2024-11-27 10:12,2792,0.0,217,completed,2024-11-27,2024-11-27
2265,43,2,3,2,2024-11-27 12:19,2024-11-27 13:10,3071,2.2,519,completed,2024-11-27,2024-11-27
2266,43,4,2,1,2024-12-01 12:13,2024-12-01 13:10,3471,0.0,514,completed,2024-12-01,2024-12-01
2267,43,3,3,3,2024-12-01 15:16,2024-12-01 16:32,4584,13.9,218,completed,2024-12-01,2024-12-01
2268,43,1,3,2,2024-12-05 05:26,2024-12-05 06:07,2503,7.4,502,completed,2024-12-05,2024-12-05
2269,43,2,3,3,2024-12-06 08:15,2024-12-06 09:08,3190,3.1,320,completed,2024-12-06,2024-12-06
2270,43,1,2,2,2024-12-06 05:48,2024-12-06 06:49,3695,6.5,366,completed,2024-12-06,2024-12-06
2271,43,4,1,3,2024-12-07 09:07,2024-12-07 09:50,2637,0.0,518,completed,2024-12-07,2024-12-07
2272,43,3,3,3,2024-12-11 05:34,2024-12-11 06:56,4924,16.5,639,completed,2024-12-11,2024-12-11
2273,43,1,2,1,2024-12-12 18:58,2024-12-12 19:39,2517,8.7,626,completed,2024-12-12,2024-12-12
2274,43,2,1,1,2024-12-13 09:29,2024-12-13 10:21,3126,4.0,304,completed,2024-12-13,2024-12-13
2275,43,2,1,2,2024-12-15 07:17,2024-12-15 08:37,4847,3.2,542,completed,2024-12-15,2024-12-15
2276,43,1,2,1,2024-12-16 07:58,2024-12-16 08:31,1995,6.5,558,completed,2024-12-16,2024-12-16
2277,43,4,3,3,2024-12-19 06:17,2024-12-19 07:31,4494,0.0,394,completed,2024-12-19,2024-12-19
2278,43,1,2,3,2024-12-29 06:49,2024-12-29 07:31,2528,7.0,171,completed,2024-12-29,2024-12-29
2279,43,2,3,2,2024-12-30 07:57,2024-12-30 08:45,2930,3.7,698,completed,2024-12-30,2024-12-30
2280,44,3,3,3,2024-10-04 16:14,2024-10-04 17:08,3266,20.3,664,completed,2024-10-04,2024-10-04
2281,44,1,2,3,2024-10-05 08:14,2024-10-05 09:05,3075,7.5,459,completed,2024-10-05,2024-10-05
2282,44,2,3,3,2024-10-07 18:58,2024-10-07 19:56,3519,2.6,503,completed,2024-10-07,2024-10-07
2283,44,3,3,3,2024-10-11 13:00,2024-10-11 14:04,3840,16.4,525,completed,2024-10-11,2024-10-11
2284,44,5,2,3,2024-10-12 15:57,2024-10-12 16:31,2047,0.8,430,completed,2024-10-12,2024-10-12
2285,44,3,3,1,2024-10-17 16:16,2024-10-17 17:01,2748,18.4,411,completed,2024-10-17,2024-10-17
2286,44,4,2,2,2024-10-21 10:50,2024-10-21 12:10,4822,0.0,483,completed,2024-10-21,2024-10-21
2287,44,4,1,1,2024-10-22 15:30,2024-10-22 16:46,4589,0.0,508,completed,2024-10-22,2024-10-22
2288,44,3,1,3,2024-10-24 05:54,2024-10-24 06:36,2537,20.7,571,completed,2024-10-24,2024-10-24
2289,44,1,2,3,2024-10-24 12:37,2024-10-24 13:40,3837,6.4,474,completed,2024-10-24,2024-10-24
2290,44,3,2,3,2024-10-25 10:38,2024-10-25 11:47,4171,16.9,600,completed,2024-10-25,2024-10-25
2291,44,3,1,1,2024-10-26 09:24,2024-10-26 10:30,3996,20.8,150,completed,2024-10-26,2024-10-26
2292,44,4,2,1,2024-10-27 11:19,2024-10-27 12:13,3276,0.0,355,completed,2024-10-27,2024-10-27
2293,44,1,1,2,2024-10-27 18:50,2024-10-27 20:04,4487,5.1,288,completed,2024-10-27,2024-10-27
2294,44,1,1,3,2024-10-30 09:36,2024-10-30 10:59,4992,7.1,492,completed,2024-10-30,2024-10-30
2295,44,5,3,2,2024-10-31 16:20,2024-10-31 17:03,2589,1.2,544,completed,2024-10-31,2024-10-31
2296,44,3,2,2,2024-10-31 10:02,2024-10-31 10:40,2305,14.6,287,completed,2024-10-31,2024-10-31
2297,44,5,2,1,2024-11-01 14:31,2024-11-01 15:46,4524,0.9,296,completed,2024-11-01,2024-11-01
2298,44,3,1,3,2024-11-03 07:35,2024-11-03 09:01,5185,23.4,164,completed,2024-11-03,2024-11-03
2299,44,5,3,1,2024-11-04 11:03,2024-11-04 12:15,4344,1.4,486,completed,2024-11-04,2024-11-04
2300,44,5,2,2,2024-11-13 05:53,2024-11-13 06:42,2947,1.3,624,completed,2024-11-13,2024-11-13
2301,44,4,1,1,2024-11-16 13:40,2024-11-16 15:08,5299,0.0,681,completed,2024-11-16,2024-11-16
2302,44,4,1,3,2024-11-16 17:13,2024-11-16 18:06,3238,0.0,206,completed,2024-11-16,2024-11-16
2303,44,1,2,3,2024-11-18 18:25,2024-11-18 19:09,2646,5.1,665,completed,2024-11-18,2024-11-18
2304,44,4,2,2,2024-11-19 14:31,2024-11-19 15:50,4761,0.0,421,completed,2024-11-19,2024-11-19
2305,44,5,2,1,2024-11-21 17:03,2024-11-21 18:23,4845,1.3,557,completed,2024-11-21,2024-11-21
2306,44,4,2,1,2024-11-23 09:06,2024-11-23 09:52,2816,0.0,452,completed,2024-11-23,2024-11-23
2307,44,5,1,1,2024-11-26 06:14,2024-11-26 07:07,3200,1.4,406,completed,2024-11-26,2024-11-26
2308,44,1,1,2,2024-11-27 08:53,2024-11-27 10:06,4397,7.6,610,completed,2024-11-27,2024-11-27
2309,44,4,1,1,2024-11-28 05:32,2024-11-28 06:16,2667,0.0,471,completed,2024-11-28,2024-11-28
2310,44,2,1,1,2024-12-01 08:41,2024-12-01 09:16,2109,2.9,417,completed,2024-12-01,2024-12-01
2311,44,5,3,2,2024-12-02 07:00,2024-12-02 07:33,1983,0.9,314,completed,2024-12-02,2024-12-02
2312,44,5,2,1,2024-12-03 15:31,2024-12-03 16:02,1917,0.6,672,completed,2024-12-03,2024-12-03
2313,44,1,2,2,2024-12-03 16:18,2024-12-03 17:03,2705,8.8,564,completed,2024-12-03,2024-12-03
2314,44,2,1,2,2024-12-05 08:51,2024-12-05 10:05,4445,2.0,185,completed,2024-12-05,2024-12-05
2315,44,2,2,3,2024-12-08 12:23,2024-12-08 13:17,3249,3.5,498,completed,2024-12-08,2024-12-08
2316,44,4,1,1,2024-12-09 08:37,2024-12-09 10:04,5224,0.0,243,completed,2024-12-09,2024-12-09
2317,44,4,2,1,2024-12-10 05:53,2024-12-10 07:06,4408,0.0,658,completed,2024-12-10,2024-12-10
2318,44,4,2,2,2024-12-12 17:16,2024-12-12 18:45,5345,0.0,446,completed,2024-12-12,2024-12-12
2319,44,1,3,1,2024-12-13 08:10,2024-12-13 09:38,5287,6.1,495,completed,2024-12-13,2024-12-13
2320,44,2,1,3,2024-12-14 12:52,2024-12-14 13:34,2551,2.1,480,completed,2024-12-14,2024-12-14
2321,44,5,1,1,2024-12-15 14:02,2024-12-15 15:12,4249,1.4,558,completed,2024-12-15,2024-12-15
2322,44,5,3,3,2024-12-17 18:51,2024-12-17 19:31,2446,1.4,419,completed,2024-12-17,2024-12-17
2323,44,3,1,1,2024-12-20 11:41,2024-12-20 12:16,2113,14.3,634,completed,2024-12-20,2024-12-20
2324,44,3,3,1,2024-12-21 14:21,2024-12-21 15:33,4335,24.6,439,completed,2024-12-21,2024-12-21
2325,44,5,1,1,2024-12-25 11:31,2024-12-25 12:51,4854,1.1,681,completed,2024-12-25,2024-12-25
2326,44,1,3,3,2024-12-27 10:36,2024-12-27 11:17,2477,7.5,193,completed,2024-12-27,2024-12-27
2327,44,5,1,3,2024-12-27 16:54,2024-12-27 17:30,2172,0.7,333,completed,2024-12-27,2024-12-27
2328,44,3,2,2,2024-12-29 16:31,2024-12-29 17:36,3922,22.6,435,completed,2024-12-29,2024-12-29
2329,44,2,3,1,2024-12-30 10:23,2024-12-30 10:58,2153,2.6,570,completed,2024-12-30,2024-12-30
2330,44,2,3,3,2024-12-30 11:55,2024-12-30 13:17,4958,3.2,237,completed,2024-12-30,2024-12-30
2331,44,5,1,2,2024-12-31 16:37,2024-12-31 17:09,1929,0.5,489,completed,2024-12-31,2024-12-31
2332,45,1,3,1,2024-10-02 05:32,2024-10-02 06:02,1847,7.6,556,completed,2024-10-02,2024-10-02
2333,45,3,2,1,2024-10-03 10:24,2024-10-03 11:06,2542,12.8,339,completed,2024-10-03,2024-10-03
2334,45,3,1,1,2024-10-03 10:47,2024-10-03 11:30,2605,20.9,430,completed,2024-10-03,2024-10-03
2335,45,4,3,3,2024-10-08 10:45,2024-10-08 12:00,4526,0.0,251,completed,2024-10-08,2024-10-08
2336,45,3,1,2,2024-10-12 08:43,2024-10-12 09:32,2984,17.5,495,completed,2024-10-12,2024-10-12
2337,45,4,1,1,2024-10-13 05:06,2024-10-13 06:26,4854,0.0,694,completed,2024-10-13,2024-10-13
2338,45,1,2,1,2024-10-16 18:57,2024-10-16 19:46,2948,6.8,366,completed,2024-10-16,2024-10-16
2339,45,1,1,1,2024-10-18 13:28,2024-10-18 14:42,4492,8.3,486,completed,2024-10-18,2024-10-18
2340,45,3,2,1,2024-10-19 10:19,2024-10-19 10:53,2043,17.1,248,completed,2024-10-19,2024-10-19
2341,45,2,2,1,2024-10-20 17:40,2024-10-20 18:26,2809,2.6,603,completed,2024-10-20,2024-10-20
2342,45,3,2,3,2024-10-21 08:00,2024-10-21 09:13,4382,21.4,401,completed,2024-10-21,2024-10-21
2343,45,4,3,1,2024-10-24 07:30,2024-10-24 08:45,4509,0.0,447,completed,2024-10-24,2024-10-24
2344,45,4,2,2,2024-10-25 14:22,2024-10-25 15:13,3105,0.0,227,completed,2024-10-25,2024-10-25
2345,45,4,3,3,2024-10-25 05:14,2024-10-25 05:47,2015,0.0,209,completed,2024-10-25,2024-10-25
2346,45,3,3,2,2024-10-28 17:21,2024-10-28 18:19,3521,20.0,635,completed,2024-10-28,2024-10-28
2347,45,3,1,3,2024-10-30 10:22,2024-10-30 11:17,3357,12.6,670,completed,2024-10-30,2024-10-30
2348,45,3,1,3,2024-11-02 06:29,2024-11-02 07:53,5082,13.9,348,completed,2024-11-02,2024-11-02
2349,45,3,1,2,2024-11-04 18:58,2024-11-04 19:28,1842,17.5,443,completed,2024-11-04,2024-11-04
2350,45,2,2,3,2024-11-04 16:48,2024-11-04 18:12,5088,2.9,350,completed,2024-11-04,2024-11-04
2351,45,2,2,3,2024-11-06 15:30,2024-11-06 16:58,5294,2.7,660,completed,2024-11-06,2024-11-06
2352,45,1,2,1,2024-11-06 14:24,2024-11-06 15:05,2506,8.3,399,completed,2024-11-06,2024-11-06
2353,45,5,1,2,2024-11-09 18:39,2024-11-09 19:15,2160,1.3,307,completed,2024-11-09,2024-11-09
2354,45,2,2,1,2024-11-10 14:59,2024-11-10 15:30,1865,3.2,531,completed,2024-11-10,2024-11-10
2355,45,5,3,3,2024-11-16 10:20,2024-11-16 11:27,4073,1.0,690,completed,2024-11-16,2024-11-16
2356,45,4,2,2,2024-11-16 18:22,2024-11-16 19:00,2300,0.0,253,completed,2024-11-16,2024-11-16
2357,45,1,1,1,2024-11-16 09:24,2024-11-16 10:15,3114,7.1,308,completed,2024-11-16,2024-11-16
2358,45,5,2,3,2024-11-17 06:27,2024-11-17 07:47,4805,1.4,238,completed,2024-11-17,2024-11-17
2359,45,3,3,1,2024-11-21 11:33,2024-11-21 12:40,4024,13.1,576,completed,2024-11-21,2024-11-21
2360,45,5,2,1,2024-11-21 11:12,2024-11-21 11:58,2785,1.0,568,completed,2024-11-21,2024-11-21
2361,45,3,3,1,2024-11-22 17:22,2024-11-22 18:50,5328,19.0,487,completed,2024-11-22,2024-11-22
2362,45,5,3,1,2024-11-22 11:57,2024-11-22 13:14,4645,0.7,481,completed,2024-11-22,2024-11-22
2363,45,3,3,1,2024-11-22 05:06,2024-11-22 06:24,4734,13.0,358,completed,2024-11-22,2024-11-22
2364,45,4,3,1,2024-11-24 13:57,2024-11-24 15:16,4746,0.0,361,completed,2024-11-24,2024-11-24
2365,45,2,3,1,2024-11-25 18:51,2024-11-25 19:26,2153,3.1,557,completed,2024-11-25,2024-11-25
2366,45,4,3,2,2024-11-26 15:54,2024-11-26 16:50,3389,0.0,448,completed,2024-11-26,2024-11-26
2367,45,1,1,1,2024-11-29 12:25,2024-11-29 13:01,2178,5.7,486,completed,2024-11-29,2024-11-29
2368,45,3,1,1,2024-12-03 11:08,2024-12-03 12:31,5021,18.7,537,completed,2024-12-03,2024-12-03
2369,45,5,1,1,2024-12-03 11:35,2024-12-03 12:49,4463,1.1,370,completed,2024-12-03,2024-12-03
2370,45,4,2,2,2024-12-08 14:53,2024-12-08 16:14,4908,0.0,386,completed,2024-12-08,2024-12-08
2371,45,1,3,1,2024-12-09 12:14,2024-12-09 13:04,3013,7.8,436,completed,2024-12-09,2024-12-09
2372,45,5,3,1,2024-12-10 18:41,2024-12-10 19:45,3896,1.2,431,completed,2024-12-10,2024-12-10
2373,45,2,2,2,2024-12-13 16:24,2024-12-13 17:02,2339,2.1,195,completed,2024-12-13,2024-12-13
2374,45,3,2,1,2024-12-14 18:30,2024-12-14 19:01,1899,18.4,354,completed,2024-12-14,2024-12-14
2375,45,4,2,3,2024-12-15 18:06,2024-12-15 19:29,4986,0.0,658,completed,2024-12-15,2024-12-15
2376,45,1,2,1,2024-12-15 17:49,2024-12-15 19:17,5280,5.6,493,completed,2024-12-15,2024-12-15
2377,45,1,1,2,2024-12-20 16:41,2024-12-20 18:00,4766,9.4,614,completed,2024-12-20,2024-12-20
2378,45,1,3,1,2024-12-21 08:10,2024-12-21 09:03,3220,9.5,626,completed,2024-12-21,2024-12-21
2379,45,5,2,3,2024-12-21 11:54,2024-12-21 12:38,2677,1.0,222,completed,2024-12-21,2024-12-21
2380,45,2,2,2,2024-12-22 15:37,2024-12-22 16:30,3232,3.8,279,completed,2024-12-22,2024-12-22
2381,45,5,1,3,2024-12-23 10:55,2024-12-23 11:27,1921,0.7,439,completed,2024-12-23,2024-12-23
2382,45,2,3,3,2024-12-25 05:47,2024-12-25 06:29,2551,2.9,435,completed,2024-12-25,2024-12-25
2383,45,2,3,2,2024-12-30 05:43,2024-12-30 06:58,4509,2.0,340,completed,2024-12-30,2024-12-30
2384,46,1,2,3,2024-10-01 12:18,2024-10-01 13:16,3517,5.1,490,completed,2024-10-01,2024-10-01
2385,46,2,3,1,2024-10-02 14:07,2024-10-02 15:04,3435,4.0,695,completed,2024-10-02,2024-10-02
2386,46,4,1,3,2024-10-05 07:29,2024-10-05 08:32,3819,0.0,271,completed,2024-10-05,2024-10-05
2387,46,3,2,2,2024-10-06 14:27,2024-10-06 15:00,2014,23.5,365,completed,2024-10-06,2024-10-06
2388,46,5,1,3,2024-10-09 14:29,2024-10-09 15:37,4134,0.9,333,completed,2024-10-09,2024-10-09
2389,46,3,1,3,2024-10-10 06:18,2024-10-10 07:22,3877,16.2,347,completed,2024-10-10,2024-10-10
2390,46,1,1,3,2024-10-10 13:35,2024-10-10 14:54,4772,9.7,475,completed,2024-10-10,2024-10-10
2391,46,2,2,3,2024-10-12 13:42,2024-10-12 14:27,2744,2.0,379,completed,2024-10-12,2024-10-12
2392,46,5,2,3,2024-10-13 18:26,2024-10-13 19:18,3154,1.5,397,completed,2024-10-13,2024-10-13
2393,46,2,2,1,2024-10-15 17:31,2024-10-15 18:02,1867,3.5,236,completed,2024-10-15,2024-10-15
2394,46,2,3,1,2024-10-18 09:10,2024-10-18 10:02,3162,2.5,556,completed,2024-10-18,2024-10-18
2395,46,4,3,3,2024-10-24 14:56,2024-10-24 15:50,3271,0.0,601,completed,2024-10-24,2024-10-24
2396,46,2,3,2,2024-10-25 16:29,2024-10-25 17:18,2974,2.1,265,completed,2024-10-25,2024-10-25
2397,46,1,1,2,2024-10-26 05:08,2024-10-26 06:22,4484,5.0,364,completed,2024-10-26,2024-10-26
2398,46,2,2,3,2024-10-28 08:58,2024-10-28 10:26,5294,2.9,412,completed,2024-10-28,2024-10-28
2399,46,4,2,1,2024-10-31 12:16,2024-10-31 13:12,3381,0.0,335,completed,2024-10-31,2024-10-31
2400,46,2,2,2,2024-10-31 13:53,2024-10-31 14:52,3566,2.4,524,completed,2024-10-31,2024-10-31
2401,46,3,3,3,2024-11-01 13:33,2024-11-01 14:40,4028,12.8,691,completed,2024-11-01,2024-11-01
2402,46,4,1,3,2024-11-06 05:04,2024-11-06 06:25,4873,0.0,637,completed,2024-11-06,2024-11-06
2403,46,2,2,2,2024-11-09 05:03,2024-11-09 06:19,4561,2.5,447,completed,2024-11-09,2024-11-09
2404,46,1,2,2,2024-11-10 07:49,2024-11-10 08:59,4233,6.3,239,completed,2024-11-10,2024-11-10
2405,46,1,1,2,2024-11-11 12:18,2024-11-11 13:46,5296,9.4,488,completed,2024-11-11,2024-11-11
2406,46,2,2,2,2024-11-12 07:38,2024-11-12 08:19,2503,2.6,429,completed,2024-11-12,2024-11-12
2407,46,2,1,3,2024-11-13 11:30,2024-11-13 12:17,2823,3.8,204,completed,2024-11-13,2024-11-13
2408,46,5,1,1,2024-11-13 06:15,2024-11-13 07:11,3416,1.0,536,completed,2024-11-13,2024-11-13
2409,46,2,2,3,2024-11-16 06:07,2024-11-16 07:14,4076,2.8,270,completed,2024-11-16,2024-11-16
2410,46,4,2,1,2024-11-19 10:47,2024-11-19 12:15,5295,0.0,570,completed,2024-11-19,2024-11-19
2411,46,5,3,2,2024-11-19 14:07,2024-11-19 15:25,4720,1.4,388,completed,2024-11-19,2024-11-19
2412,46,2,2,2,2024-11-20 15:42,2024-11-20 16:16,2046,3.7,537,completed,2024-11-20,2024-11-20
2413,46,4,3,3,2024-11-22 14:58,2024-11-22 16:26,5336,0.0,234,completed,2024-11-22,2024-11-22
2414,46,4,2,2,2024-11-24 18:49,2024-11-24 19:23,2060,0.0,552,completed,2024-11-24,2024-11-24
2415,46,4,2,1,2024-11-26 08:16,2024-11-26 09:01,2721,0.0,366,completed,2024-11-26,2024-11-26
2416,46,5,1,1,2024-12-02 15:42,2024-12-02 16:54,4339,0.5,603,completed,2024-12-02,2024-12-02
2417,46,2,3,3,2024-12-03 18:19,2024-12-03 19:38,4748,3.0,618,completed,2024-12-03,2024-12-03
2418,46,3,1,1,2024-12-05 13:23,2024-12-05 14:41,4700,21.9,395,completed,2024-12-05,2024-12-05
2419,46,1,2,1,2024-12-06 17:08,2024-12-06 17:58,3022,6.4,265,completed,2024-12-06,2024-12-06
2420,46,1,2,1,2024-12-10 08:44,2024-12-10 09:44,3646,6.8,431,completed,2024-12-10,2024-12-10
2421,46,1,2,3,2024-12-13 09:44,2024-12-13 10:46,3778,6.3,632,completed,2024-12-13,2024-12-13
2422,46,1,3,3,2024-12-17 18:41,2024-12-17 19:35,3255,8.0,350,completed,2024-12-17,2024-12-17
2423,46,4,3,3,2024-12-21 12:32,2024-12-21 13:40,4136,0.0,487,completed,2024-12-21,2024-12-21
2424,46,2,2,3,2024-12-24 09:49,2024-12-24 10:55,3971,2.9,548,completed,2024-12-24,2024-12-24
2425,46,5,1,2,2024-12-27 09:34,2024-12-27 10:52,4736,1.1,162,completed,2024-12-27,2024-12-27
2426,47,1,3,1,2024-10-02 16:18,2024-10-02 17:16,3493,8.3,257,completed,2024-10-02,2024-10-02
2427,47,4,1,2,2024-10-04 17:14,2024-10-04 18:16,3751,0.0,699,completed,2024-10-04,2024-10-04
2428,47,5,1,1,2024-10-10 05:45,2024-10-10 06:47,3722,0.9,634,completed,2024-10-10,2024-10-10
2429,47,4,2,3,2024-10-12 10:19,2024-10-12 10:59,2459,0.0,560,completed,2024-10-12,2024-10-12
2430,47,5,1,2,2024-10-12 14:15,2024-10-12 14:59,2686,0.9,255,completed,2024-10-12,2024-10-12
2431,47,4,2,3,2024-10-13 11:12,2024-10-13 12:20,4132,0.0,618,completed,2024-10-13,2024-10-13
2432,47,3,3,3,2024-10-14 06:55,2024-10-14 07:31,2201,20.0,341,completed,2024-10-14,2024-10-14
2433,47,3,3,3,2024-10-15 09:48,2024-10-15 11:00,4338,20.4,372,completed,2024-10-15,2024-10-15
2434,47,5,2,3,2024-10-19 14:59,2024-10-19 15:42,2617,0.8,477,completed,2024-10-19,2024-10-19
2435,47,5,1,2,2024-10-22 09:11,2024-10-22 10:24,4401,0.6,234,completed,2024-10-22,2024-10-22
2436,47,3,1,2,2024-10-23 11:41,2024-10-23 12:34,3209,24.5,637,completed,2024-10-23,2024-10-23
2437,47,5,3,2,2024-10-24 14:37,2024-10-24 15:20,2632,1.2,357,completed,2024-10-24,2024-10-24
2438,47,4,1,3,2024-10-28 13:12,2024-10-28 14:14,3771,0.0,224,completed,2024-10-28,2024-10-28
2439,47,5,3,1,2024-10-29 10:40,2024-10-29 11:37,3464,0.6,433,completed,2024-10-29,2024-10-29
2440,47,2,3,1,2024-10-30 10:03,2024-10-30 10:48,2734,2.6,274,completed,2024-10-30,2024-10-30
2441,47,1,1,1,2024-10-31 08:11,2024-10-31 09:28,4673,6.0,572,completed,2024-10-31,2024-10-31
2442,47,4,1,1,2024-11-03 17:19,2024-11-03 18:42,5011,0.0,615,completed,2024-11-03,2024-11-03
2443,47,1,1,1,2024-11-06 07:04,2024-11-06 08:03,3541,6.4,276,completed,2024-11-06,2024-11-06
2444,47,1,1,3,2024-11-10 10:34,2024-11-10 11:06,1925,7.7,162,completed,2024-11-10,2024-11-10
2445,47,3,1,3,2024-11-10 09:44,2024-11-10 10:51,4060,15.4,403,completed,2024-11-10,2024-11-10
2446,47,2,3,2,2024-11-10 14:17,2024-11-10 15:43,5171,3.0,225,completed,2024-11-10,2024-11-10
2447,47,4,3,3,2024-11-11 06:04,2024-11-11 07:14,4251,0.0,398,completed,2024-11-11,2024-11-11
2448,47,3,1,1,2024-11-14 17:27,2024-11-14 18:52,5104,18.9,233,completed,2024-11-14,2024-11-14
2449,47,1,1,2,2024-11-20 07:44,2024-11-20 08:23,2380,7.7,612,completed,2024-11-20,2024-11-20
2450,47,3,3,3,2024-11-27 05:49,2024-11-27 06:47,3484,24.0,584,completed,2024-11-27,2024-11-27
2451,47,1,2,1,2024-11-29 15:46,2024-11-29 16:27,2503,6.4,593,completed,2024-11-29,2024-11-29
2452,47,5,1,3,2024-12-02 13:07,2024-12-02 14:26,4780,0.9,598,completed,2024-12-02,2024-12-02
2453,47,2,1,2,2024-12-03 05:56,2024-12-03 06:35,2355,2.8,315,completed,2024-12-03,2024-12-03
2454,47,4,3,1,2024-12-04 12:23,2024-12-04 13:15,3171,0.0,368,completed,2024-12-04,2024-12-04
2455,47,4,2,2,2024-12-07 14:07,2024-12-07 15:18,4270,0.0,219,completed,2024-12-07,2024-12-07
2456,47,1,3,1,2024-12-10 16:07,2024-12-10 16:39,1968,7.1,679,completed,2024-12-10,2024-12-10
2457,47,3,3,2,2024-12-10 15:54,2024-12-10 16:51,3463,24.5,517,completed,2024-12-10,2024-12-10
2458,47,3,1,2,2024-12-15 17:55,2024-12-15 18:57,3756,14.3,411,completed,2024-12-15,2024-12-15
2459,47,4,1,1,2024-12-16 16:37,2024-12-16 17:08,1903,0.0,680,completed,2024-12-16,2024-12-16
2460,47,1,2,3,2024-12-17 15:07,2024-12-17 15:56,2994,8.3,374,completed,2024-12-17,2024-12-17
2461,47,4,3,2,2024-12-21 12:50,2024-12-21 14:10,4817,0.0,198,completed,2024-12-21,2024-12-21
2462,47,5,3,3,2024-12-26 15:32,2024-12-26 16:58,5202,1.0,396,completed,2024-12-26,2024-12-26
2463,47,1,1,3,2024-12-27 12:30,2024-12-27 13:16,2762,6.6,500,completed,2024-12-27,2024-12-27
2464,47,3,2,1,2024-12-27 14:01,2024-12-27 15:05,3899,23.5,478,completed,2024-12-27,2024-12-27
2465,47,4,2,3,2024-12-29 08:14,2024-12-29 09:09,3309,0.0,681,completed,2024-12-29,2024-12-29
2466,47,4,1,1,2024-12-31 14:33,2024-12-31 15:21,2914,0.0,244,completed,2024-12-31,2024-12-31
2467,48,3,3,3,2024-10-01 12:13,2024-10-01 12:46,2014,22.2,379,completed,2024-10-01,2024-10-01
2468,48,4,3,3,2024-10-07 16:56,2024-10-07 18:13,4622,0.0,620,completed,2024-10-07,2024-10-07
2469,48,1,3,2,2024-10-08 15:03,2024-10-08 16:02,3577,6.7,192,completed,2024-10-08,2024-10-08
2470,48,5,1,2,2024-10-09 05:00,2024-10-09 05:34,2065,0.8,601,completed,2024-10-09,2024-10-09
2471,48,5,1,2,2024-10-12 07:29,2024-10-12 08:16,2863,1.1,403,completed,2024-10-12,2024-10-12
2472,48,2,1,3,2024-10-12 18:09,2024-10-12 19:08,3579,2.2,451,completed,2024-10-12,2024-10-12
2473,48,5,1,3,2024-10-16 08:36,2024-10-16 09:34,3528,0.9,372,completed,2024-10-16,2024-10-16
2474,48,2,1,3,2024-10-16 10:28,2024-10-16 11:29,3719,2.5,640,completed,2024-10-16,2024-10-16
2475,48,2,3,1,2024-10-18 05:01,2024-10-18 05:56,3338,2.3,697,completed,2024-10-18,2024-10-18
2476,48,1,2,3,2024-10-18 10:20,2024-10-18 11:41,4900,7.1,238,completed,2024-10-18,2024-10-18
2477,48,3,1,2,2024-10-18 05:37,2024-10-18 06:49,4379,13.3,554,completed,2024-10-18,2024-10-18
2478,48,5,1,3,2024-10-20 16:44,2024-10-20 18:05,4906,1.0,319,completed,2024-10-20,2024-10-20
2479,48,5,2,3,2024-10-21 12:17,2024-10-21 13:00,2608,0.9,581,completed,2024-10-21,2024-10-21
2480,48,4,1,2,2024-10-22 10:00,2024-10-22 11:16,4578,0.0,311,completed,2024-10-22,2024-10-22
2481,48,5,2,1,2024-10-22 18:26,2024-10-22 19:52,5175,1.2,415,completed,2024-10-22,2024-10-22
2482,48,1,3,1,2024-10-24 09:21,2024-10-24 10:10,2961,8.3,564,completed,2024-10-24,2024-10-24
2483,48,5,3,3,2024-10-28 18:44,2024-10-28 19:19,2150,1.0,626,completed,2024-10-28,2024-10-28
2484,48,2,2,3,2024-10-29 18:34,2024-10-29 19:18,2674,2.7,615,completed,2024-10-29,2024-10-29
2485,48,2,1,2,2024-10-29 15:52,2024-10-29 16:37,2714,3.4,217,completed,2024-10-29,2024-10-29
2486,48,1,3,1,2024-10-31 18:37,2024-10-31 19:42,3917,8.1,526,completed,2024-10-31,2024-10-31
2487,48,1,3,1,2024-10-31 16:31,2024-10-31 17:32,3712,9.2,394,completed,2024-10-31,2024-10-31
2488,48,5,2,1,2024-11-01 15:36,2024-11-01 16:37,3716,0.9,481,completed,2024-11-01,2024-11-01
2489,48,1,1,2,2024-11-01 14:49,2024-11-01 16:16,5263,6.1,408,completed,2024-11-01,2024-11-01
2490,48,5,2,2,2024-11-04 05:09,2024-11-04 06:18,4150,1.5,373,completed,2024-11-04,2024-11-04
2491,48,1,2,2,2024-11-08 09:38,2024-11-08 10:17,2362,7.9,650,completed,2024-11-08,2024-11-08
2492,48,5,1,2,2024-11-09 16:34,2024-11-09 17:13,2374,0.6,496,completed,2024-11-09,2024-11-09
2493,48,2,1,3,2024-11-11 12:41,2024-11-11 13:23,2556,2.0,279,completed,2024-11-11,2024-11-11
2494,48,3,2,3,2024-11-12 17:06,2024-11-12 18:13,4073,14.0,176,completed,2024-11-12,2024-11-12
2495,48,2,2,2,2024-11-12 18:53,2024-11-12 19:33,2413,3.5,257,completed,2024-11-12,2024-11-12
2496,48,3,1,2,2024-11-13 10:30,2024-11-13 11:55,5124,21.6,582,completed,2024-11-13,2024-11-13
2497,48,5,3,1,2024-11-15 14:31,2024-11-15 15:02,1893,0.7,490,completed,2024-11-15,2024-11-15
2498,48,5,1,1,2024-11-16 16:02,2024-11-16 17:27,5155,0.5,469,completed,2024-11-16,2024-11-16
2499,48,2,1,2,2024-11-17 16:06,2024-11-17 17:09,3838,2.4,284,completed,2024-11-17,2024-11-17
2500,48,4,2,2,2024-11-19 05:48,2024-11-19 06:28,2409,0.0,561,completed,2024-11-19,2024-11-19
2501,48,3,1,3,2024-11-20 11:15,2024-11-20 12:13,3525,16.1,498,completed,2024-11-20,2024-11-20
2502,48,3,3,1,2024-11-21 17:47,2024-11-21 18:17,1853,16.3,350,completed,2024-11-21,2024-11-21
2503,48,3,3,2,2024-11-22 07:15,2024-11-22 07:59,2687,24.4,460,completed,2024-11-22,2024-11-22
2504,48,1,2,2,2024-11-22 09:48,2024-11-22 11:09,4902,7.2,249,completed,2024-11-22,2024-11-22
2505,48,5,1,2,2024-11-26 09:01,2024-11-26 10:03,3764,0.6,619,completed,2024-11-26,2024-11-26
2506,48,3,3,3,2024-11-27 15:37,2024-11-27 17:00,4995,21.9,466,completed,2024-11-27,2024-11-27
2507,48,1,1,3,2024-11-29 06:24,2024-11-29 07:42,4690,5.7,264,completed,2024-11-29,2024-11-29
2508,48,3,1,1,2024-11-29 10:10,2024-11-29 11:19,4159,13.7,697,completed,2024-11-29,2024-11-29
2509,48,2,2,2,2024-11-30 14:08,2024-11-30 15:00,3147,2.3,150,completed,2024-11-30,2024-11-30
2510,48,5,2,2,2024-12-11 08:35,2024-12-11 09:49,4468,1.4,398,completed,2024-12-11,2024-12-11
2511,48,5,1,3,2024-12-12 13:14,2024-12-12 14:05,3075,1.2,226,completed,2024-12-12,2024-12-12
2512,48,1,1,3,2024-12-12 12:28,2024-12-12 13:12,2675,7.7,697,completed,2024-12-12,2024-12-12
2513,48,4,2,1,2024-12-13 10:57,2024-12-13 11:34,2247,0.0,433,completed,2024-12-13,2024-12-13
2514,48,4,1,1,2024-12-22 18:13,2024-12-22 19:01,2880,0.0,668,completed,2024-12-22,2024-12-22
2515,48,5,2,3,2024-12-22 18:36,2024-12-22 19:35,3583,0.9,305,completed,2024-12-22,2024-12-22
2516,48,5,2,1,2024-12-24 14:48,2024-12-24 16:07,4748,1.3,541,completed,2024-12-24,2024-12-24
2517,48,4,2,3,2024-12-25 16:17,2024-12-25 16:50,2029,0.0,395,completed,2024-12-25,2024-12-25
2518,48,3,1,1,2024-12-26 15:49,2024-12-26 16:54,3924,13.6,425,completed,2024-12-26,2024-12-26
2519,48,2,2,1,2024-12-26 14:30,2024-12-26 15:05,2137,2.9,337,completed,2024-12-26,2024-12-26
2520,48,2,3,3,2024-12-30 14:01,2024-12-30 15:26,5145,2.2,164,completed,2024-12-30,2024-12-30
2521,48,1,3,2,2024-12-30 09:11,2024-12-30 10:38,5239,7.3,421,completed,2024-12-30,2024-12-30
2522,49,1,3,2,2024-10-01 12:13,2024-10-01 12:45,1929,7.0,413,completed,2024-10-01,2024-10-01
2523,49,5,3,3,2024-10-02 14:09,2024-10-02 15:32,4999,1.3,215,completed,2024-10-02,2024-10-02
2524,49,2,2,1,2024-10-04 14:16,2024-10-04 15:15,3560,2.1,206,completed,2024-10-04,2024-10-04
2525,49,3,1,3,2024-10-10 13:37,2024-10-10 14:36,3544,20.5,486,completed,2024-10-10,2024-10-10
2526,49,2,3,3,2024-10-11 10:54,2024-10-11 11:42,2892,3.5,441,completed,2024-10-11,2024-10-11
2527,49,2,1,3,2024-10-12 07:30,2024-10-12 08:27,3429,2.3,350,completed,2024-10-12,2024-10-12
2528,49,2,2,2,2024-10-15 14:37,2024-10-15 15:49,4376,4.0,228,completed,2024-10-15,2024-10-15
2529,49,3,3,3,2024-10-17 09:53,2024-10-17 10:38,2718,16.8,335,completed,2024-10-17,2024-10-17
2530,49,4,3,3,2024-10-17 17:32,2024-10-17 18:35,3784,0.0,211,completed,2024-10-17,2024-10-17
2531,49,3,1,3,2024-10-17 16:50,2024-10-17 18:08,4727,23.7,401,completed,2024-10-17,2024-10-17
2532,49,3,3,3,2024-10-17 07:58,2024-10-17 09:13,4554,14.8,382,completed,2024-10-17,2024-10-17
2533,49,3,1,3,2024-10-19 10:58,2024-10-19 12:08,4219,20.8,406,completed,2024-10-19,2024-10-19
2534,49,3,3,1,2024-10-20 14:22,2024-10-20 15:50,5291,18.2,597,completed,2024-10-20,2024-10-20
2535,49,4,2,3,2024-10-23 09:45,2024-10-23 10:54,4160,0.0,562,completed,2024-10-23,2024-10-23
2536,49,2,3,3,2024-10-28 14:14,2024-10-28 15:01,2858,3.4,261,completed,2024-10-28,2024-10-28
2537,49,4,1,2,2024-10-28 16:32,2024-10-28 17:49,4673,0.0,503,completed,2024-10-28,2024-10-28
2538,49,3,2,2,2024-10-29 15:51,2024-10-29 16:40,2994,18.3,318,completed,2024-10-29,2024-10-29
2539,49,4,2,2,2024-10-30 07:23,2024-10-30 08:49,5199,0.0,505,completed,2024-10-30,2024-10-30
2540,49,2,2,1,2024-11-03 12:54,2024-11-03 13:28,2096,3.7,391,completed,2024-11-03,2024-11-03
2541,49,3,2,1,2024-11-07 16:29,2024-11-07 17:57,5283,21.3,251,completed,2024-11-07,2024-11-07
2542,49,4,3,3,2024-11-08 06:24,2024-11-08 06:55,1869,0.0,511,completed,2024-11-08,2024-11-08
2543,49,5,1,1,2024-11-09 07:59,2024-11-09 08:49,3023,0.8,511,completed,2024-11-09,2024-11-09
2544,49,2,2,3,2024-11-12 15:51,2024-11-12 17:08,4672,3.6,260,completed,2024-11-12,2024-11-12
2545,49,2,2,2,2024-11-15 15:43,2024-11-15 16:56,4421,3.2,182,completed,2024-11-15,2024-11-15
2546,49,3,3,3,2024-11-17 11:04,2024-11-17 11:55,3078,21.5,543,completed,2024-11-17,2024-11-17
2547,49,2,2,3,2024-11-21 09:45,2024-11-21 11:14,5373,2.8,670,completed,2024-11-21,2024-11-21
2548,49,3,1,1,2024-11-24 10:11,2024-11-24 10:47,2160,16.8,581,completed,2024-11-24,2024-11-24
2549,49,5,1,1,2024-11-24 05:36,2024-11-24 06:16,2417,1.3,228,completed,2024-11-24,2024-11-24
2550,49,2,3,1,2024-11-24 06:53,2024-11-24 07:58,3932,3.6,555,completed,2024-11-24,2024-11-24
2551,49,2,2,3,2024-11-26 14:38,2024-11-26 16:07,5384,2.7,341,completed,2024-11-26,2024-11-26
2552,49,2,2,1,2024-11-28 15:34,2024-11-28 16:21,2837,3.6,238,completed,2024-11-28,2024-11-28
2553,49,5,3,1,2024-11-28 05:32,2024-11-28 06:13,2468,0.9,548,completed,2024-11-28,2024-11-28
2554,49,3,3,3,2024-11-28 06:50,2024-11-28 07:29,2363,14.1,529,completed,2024-11-28,2024-11-28
2555,49,4,1,1,2024-11-29 11:35,2024-11-29 12:17,2526,0.0,539,completed,2024-11-29,2024-11-29
2556,49,2,2,3,2024-11-29 07:39,2024-11-29 08:36,3426,3.2,261,completed,2024-11-29,2024-11-29
2557,49,3,1,3,2024-12-01 12:11,2024-12-01 13:29,4705,19.9,409,completed,2024-12-01,2024-12-01
2558,49,1,2,3,2024-12-03 13:55,2024-12-03 14:41,2811,9.9,683,completed,2024-12-03,2024-12-03
2559,49,1,3,3,2024-12-03 18:57,2024-12-03 20:24,5236,10.0,323,completed,2024-12-03,2024-12-03
2560,49,5,3,3,2024-12-04 12:41,2024-12-04 13:22,2485,1.3,258,completed,2024-12-04,2024-12-04
2561,49,1,1,2,2024-12-06 08:53,2024-12-06 09:35,2576,7.2,228,completed,2024-12-06,2024-12-06
2562,49,3,3,2,2024-12-07 13:54,2024-12-07 14:49,3314,18.4,625,completed,2024-12-07,2024-12-07
2563,49,2,3,1,2024-12-07 15:20,2024-12-07 16:40,4821,2.2,302,completed,2024-12-07,2024-12-07
2564,49,1,3,1,2024-12-11 10:24,2024-12-11 11:38,4484,7.3,675,completed,2024-12-11,2024-12-11
2565,49,4,1,1,2024-12-17 09:26,2024-12-17 10:39,4405,0.0,536,completed,2024-12-17,2024-12-17
2566,49,2,3,3,2024-12-17 15:32,2024-12-17 16:30,3516,3.0,609,completed,2024-12-17,2024-12-17
2567,49,2,3,3,2024-12-17 08:43,2024-12-17 09:59,4578,3.0,241,completed,2024-12-17,2024-12-17
2568,49,4,2,2,2024-12-18 15:39,2024-12-18 16:25,2816,0.0,535,completed,2024-12-18,2024-12-18
2569,49,2,1,3,2024-12-20 06:33,2024-12-20 07:22,2964,3.7,589,completed,2024-12-20,2024-12-20
2570,49,1,3,2,2024-12-22 08:42,2024-12-22 10:03,4902,9.5,264,completed,2024-12-22,2024-12-22
2571,49,3,2,3,2024-12-25 08:03,2024-12-25 08:52,2954,22.3,194,completed,2024-12-25,2024-12-25
2572,49,2,2,1,2024-12-26 10:41,2024-12-26 11:52,4316,3.7,376,completed,2024-12-26,2024-12-26
2573,49,2,2,2,2024-12-27 15:59,2024-12-27 17:00,3667,4.0,254,completed,2024-12-27,2024-12-27
2574,49,4,3,3,2024-12-27 13:54,2024-12-27 15:03,4157,0.0,434,completed,2024-12-27,2024-12-27
2575,49,4,1,1,2024-12-27 15:48,2024-12-27 17:17,5386,0.0,387,completed,2024-12-27,2024-12-27
2576,49,3,3,1,2024-12-28 14:04,2024-12-28 14:41,2260,17.6,397,completed,2024-12-28,2024-12-28
2577,49,5,2,2,2024-12-31 05:09,2024-12-31 06:38,5385,1.5,334,completed,2024-12-31,2024-12-31
2578,50,4,3,3,2024-10-03 13:20,2024-10-03 14:29,4153,0.0,238,completed,2024-10-03,2024-10-03
2579,50,5,3,3,2024-10-04 09:10,2024-10-04 10:14,3841,0.9,431,completed,2024-10-04,2024-10-04
2580,50,5,1,2,2024-10-05 13:32,2024-10-05 14:56,5064,1.2,272,completed,2024-10-05,2024-10-05
2581,50,1,3,3,2024-10-08 08:33,2024-10-08 09:08,2117,8.3,684,completed,2024-10-08,2024-10-08
2582,50,2,2,1,2024-10-10 15:31,2024-10-10 16:06,2153,2.2,693,completed,2024-10-10,2024-10-10
2583,50,4,3,3,2024-10-21 05:35,2024-10-21 06:07,1948,0.0,596,completed,2024-10-21,2024-10-21
2584,50,5,3,1,2024-10-21 09:13,2024-10-21 10:33,4813,1.1,395,completed,2024-10-21,2024-10-21
2585,50,4,2,2,2024-10-21 06:41,2024-10-21 07:49,4096,0.0,491,completed,2024-10-21,2024-10-21
2586,50,3,1,2,2024-10-21 15:11,2024-10-21 16:05,3248,16.9,341,completed,2024-10-21,2024-10-21
2587,50,4,2,2,2024-10-26 05:03,2024-10-26 06:31,5287,0.0,689,completed,2024-10-26,2024-10-26
2588,50,3,1,2,2024-10-26 13:41,2024-10-26 14:22,2517,13.7,592,completed,2024-10-26,2024-10-26
2589,50,5,2,2,2024-10-29 09:41,2024-10-29 10:18,2277,1.1,401,completed,2024-10-29,2024-10-29
2590,50,2,1,2,2024-11-02 08:51,2024-11-02 09:26,2149,2.2,430,completed,2024-11-02,2024-11-02
2591,50,4,3,1,2024-11-03 10:46,2024-11-03 11:21,2151,0.0,268,completed,2024-11-03,2024-11-03
2592,50,4,2,1,2024-11-04 17:37,2024-11-04 18:26,2977,0.0,388,completed,2024-11-04,2024-11-04
2593,50,4,2,3,2024-11-07 16:14,2024-11-07 17:07,3225,0.0,444,completed,2024-11-07,2024-11-07
2594,50,2,3,2,2024-11-08 18:11,2024-11-08 19:34,5006,2.4,432,completed,2024-11-08,2024-11-08
2595,50,4,1,2,2024-11-09 08:03,2024-11-09 08:59,3362,0.0,645,completed,2024-11-09,2024-11-09
2596,50,2,2,1,2024-11-11 16:28,2024-11-11 17:52,5068,2.8,201,completed,2024-11-11,2024-11-11
2597,50,3,3,3,2024-11-15 05:20,2024-11-15 06:41,4895,12.4,302,completed,2024-11-15,2024-11-15
2598,50,3,3,3,2024-11-16 13:36,2024-11-16 14:30,3266,16.0,445,completed,2024-11-16,2024-11-16
2599,50,3,2,3,2024-11-16 12:29,2024-11-16 13:01,1941,12.7,278,completed,2024-11-16,2024-11-16
2600,50,5,1,2,2024-11-17 08:39,2024-11-17 09:30,3076,1.1,393,completed,2024-11-17,2024-11-17
2601,50,5,1,3,2024-11-20 15:14,2024-11-20 15:47,1994,1.0,443,completed,2024-11-20,2024-11-20
2602,50,1,2,2,2024-11-20 11:21,2024-11-20 12:30,4191,8.2,633,completed,2024-11-20,2024-11-20
2603,50,1,2,2,2024-11-21 11:24,2024-11-21 12:06,2567,9.7,229,completed,2024-11-21,2024-11-21
2604,50,4,3,2,2024-11-22 14:47,2024-11-22 15:38,3080,0.0,181,completed,2024-11-22,2024-11-22
2605,50,4,3,1,2024-11-23 13:23,2024-11-23 14:32,4154,0.0,311,completed,2024-11-23,2024-11-23
2606,50,4,1,1,2024-11-24 16:41,2024-11-24 17:17,2160,0.0,194,completed,2024-11-24,2024-11-24
2607,50,4,1,1,2024-11-26 16:04,2024-11-26 16:57,3238,0.0,389,completed,2024-11-26,2024-11-26
2608,50,5,1,1,2024-11-27 07:34,2024-11-27 08:38,3861,1.2,633,completed,2024-11-27,2024-11-27
2609,50,2,1,3,2024-11-28 10:32,2024-11-28 11:53,4909,2.0,553,completed,2024-11-28,2024-11-28
2610,50,2,1,3,2024-12-02 11:59,2024-12-02 12:35,2182,3.0,621,completed,2024-12-02,2024-12-02
2611,50,5,2,1,2024-12-03 08:27,2024-12-03 09:39,4376,0.8,492,completed,2024-12-03,2024-12-03
2612,50,1,3,2,2024-12-04 06:42,2024-12-04 07:26,2652,7.6,156,completed,2024-12-04,2024-12-04
2613,50,5,1,1,2024-12-04 12:50,2024-12-04 13:21,1882,1.2,244,completed,2024-12-04,2024-12-04
2614,50,4,2,1,2024-12-05 11:40,2024-12-05 12:54,4454,0.0,403,completed,2024-12-05,2024-12-05
2615,50,3,3,1,2024-12-05 12:02,2024-12-05 13:27,5115,23.7,410,completed,2024-12-05,2024-12-05
2616,50,3,1,2,2024-12-06 07:01,2024-12-06 08:01,3606,14.6,396,completed,2024-12-06,2024-12-06
2617,50,3,3,2,2024-12-08 10:23,2024-12-08 11:19,3418,21.0,521,completed,2024-12-08,2024-12-08
2618,50,3,1,1,2024-12-09 12:17,2024-12-09 12:58,2462,21.6,697,completed,2024-12-09,2024-12-09
2619,50,4,2,2,2024-12-09 05:07,2024-12-09 06:31,5050,0.0,358,completed,2024-12-09,2024-12-09
2620,50,4,3,1,2024-12-09 05:47,2024-12-09 07:06,4789,0.0,696,completed,2024-12-09,2024-12-09
2621,50,1,3,2,2024-12-12 09:44,2024-12-12 10:43,3592,7.9,415,completed,2024-12-12,2024-12-12
2622,50,2,3,2,2024-12-13 07:17,2024-12-13 08:06,2994,2.9,530,completed,2024-12-13,2024-12-13
2623,50,2,1,3,2024-12-14 05:40,2024-12-14 06:23,2598,3.1,289,completed,2024-12-14,2024-12-14
2624,50,2,3,2,2024-12-18 15:45,2024-12-18 17:07,4941,2.6,168,completed,2024-12-18,2024-12-18
2625,50,4,3,3,2024-12-18 06:06,2024-12-18 07:07,3663,0.0,466,completed,2024-12-18,2024-12-18
2626,50,4,3,2,2024-12-19 09:51,2024-12-19 11:11,4802,0.0,175,completed,2024-12-19,2024-12-19
2627,50,5,2,2,2024-12-20 15:49,2024-12-20 16:23,2056,0.9,284,completed,2024-12-20,2024-12-20
2628,50,4,3,2,2024-12-21 05:18,2024-12-21 05:51,2017,0.0,311,completed,2024-12-21,2024-12-21
2629,50,5,3,2,2024-12-23 08:23,2024-12-23 09:27,3864,0.8,699,completed,2024-12-23,2024-12-23
2630,50,5,2,3,2024-12-24 11:56,2024-12-24 13:02,3976,1.5,274,completed,2024-12-24,2024-12-24
2631,50,2,1,3,2024-12-26 09:21,2024-12-26 10:18,3466,2.0,511,completed,2024-12-26,2024-12-26
2632,50,2,3,3,2024-12-27 10:02,2024-12-27 11:11,4159,3.8,350,completed,2024-12-27,2024-12-27
2633,50,1,1,2,2024-12-27 15:46,2024-12-27 16:41,3346,7.1,549,completed,2024-12-27,2024-12-27
